listing_date,area,property_type,size_sqm,usd_to_egp,cement_price_egp_per_ton,iron_price_egp_per_ton,price_egp,price_usd
2024-01-01 00:00:00.000000000,Ain Sokhna,Duplex,408,30.82,1907,30208,14598293,473730
2024-01-01 19:43:25.405405405,North Coast,Penthouse,159,33.21,2058,31283,7789015,234520
2024-01-02 15:26:50.810810810,North Coast,Duplex,473,29.13,1921,32714,30083052,1032763
2024-01-03 11:10:16.216216216,Alexandria,Apartment,118,28.61,1920,34530,1523239,53234
2024-01-04 06:53:41.621621621,6th of October,Duplex,114,29.96,2053,36668,4882360,162944
2024-01-05 02:37:07.027027027,Ain Sokhna,Villa,447,31.25,2014,37658,38330239,1226618
2024-01-05 22:20:32.432432432,Alexandria,Villa,112,28.88,1883,38795,2976829,103088
2024-01-06 18:03:57.837837837,6th of October,Apartment,479,32.37,2084,32182,7019194,216834
2024-01-07 13:47:23.243243243,Maadi,Villa,319,30.33,2132,30963,22600185,745193
2024-01-08 09:30:48.648648648,Heliopolis,Villa,276,27.63,2051,27947,14789009,535347
2024-01-09 05:14:14.054054054,New Cairo,Apartment,386,27.19,1794,37545,10903078,401047
2024-01-10 00:57:39.459459459,New Cairo,Chalet,320,28.64,2031,37388,12015384,419532
2024-01-10 20:41:04.864864864,Ain Sokhna,Apartment,387,28.66,1983,40875,11213972,391337
2024-01-11 16:24:30.270270270,6th of October,Duplex,419,28.31,2068,28262,14557056,514126
2024-01-12 12:07:55.675675675,6th of October,Apartment,64,32.24,2050,48489,1295932,40192
2024-01-13 07:51:21.081081081,Haram,Villa,439,28.62,1787,39169,18005088,629121
2024-01-14 03:34:46.486486486,Nasr City,Penthouse,466,31.31,2343,41491,20565114,656842
2024-01-14 23:18:11.891891892,Sheikh Zayed,Villa,104,31.24,1908,33735,4892654,156637
2024-01-15 19:01:37.297297297,Nasr City,Chalet,187,28.95,1950,33431,7692574,265747
2024-01-16 14:45:02.702702702,Alexandria,Chalet,418,27.8,2019,30002,12590074,452803
2024-01-17 10:28:28.108108108,Heliopolis,Apartment,366,28.64,1877,33067,4819057,168266
2024-01-18 06:11:53.513513513,Alexandria,Duplex,172,29.15,1997,34890,3297837,113151
2024-01-19 01:55:18.918918919,Ain Sokhna,Villa,446,28.39,1851,35409,22807670,803335
2024-01-19 21:38:44.324324324,Maadi,Penthouse,283,29.35,1971,36206,12831471,437171
2024-01-20 17:22:09.729729729,Heliopolis,Duplex,277,31.71,2112,38164,7848777,247484
2024-01-21 13:05:35.135135135,Heliopolis,Duplex,157,28.64,2088,43761,5357550,187091
2024-01-22 08:49:00.540540540,New Cairo,Apartment,183,32.9,2012,33334,5022313,152650
2024-01-23 04:32:25.945945946,Haram,Chalet,206,31.29,1891,33920,6467481,206719
2024-01-24 00:15:51.351351351,New Cairo,Villa,419,29.42,1867,33573,23455079,797314
2024-01-24 19:59:16.756756756,Haram,Apartment,119,30.83,2009,37006,2353719,76334
2024-01-25 15:42:42.162162162,Ain Sokhna,Apartment,292,31.95,1869,37470,10811655,338402
2024-01-26 11:26:07.567567567,New Cairo,Duplex,481,31.83,2128,42154,28320443,889863
2024-01-27 07:09:32.972972973,Alexandria,Chalet,212,32.8,2071,30234,9995334,304748
2024-01-28 02:52:58.378378378,Nasr City,Apartment,457,30.98,2173,31717,8473240,273464
2024-01-28 22:36:23.783783784,North Coast,Chalet,460,30.63,1717,44093,16199404,528922
2024-01-29 18:19:49.189189189,Maadi,Penthouse,110,30.22,2041,38308,3443285,113938
2024-01-30 14:03:14.594594594,Heliopolis,Apartment,343,31.28,2059,34981,8598705,274937
2024-01-31 09:46:40.000000000,6th of October,Apartment,76,27.64,1998,35762,915887,33131
2024-02-01 05:30:05.405405405,Heliopolis,Chalet,439,30.71,1989,31612,18898827,615399
2024-02-02 01:13:30.810810811,New Cairo,Chalet,187,27.73,1798,28513,7814181,281818
2024-02-02 20:56:56.216216216,Haram,Chalet,419,28.28,2208,31579,16680712,589874
2024-02-03 16:40:21.621621621,New Cairo,Apartment,452,28.46,1856,40528,9293507,326553
2024-02-04 12:23:47.027027027,Haram,Villa,414,30.99,1784,30266,18061568,582909
2024-02-05 08:07:12.432432432,6th of October,Duplex,413,30.74,2024,31576,8780956,285629
2024-02-06 03:50:37.837837838,6th of October,Apartment,245,27.32,2053,33341,5630316,206108
2024-02-06 23:34:03.243243243,Haram,Chalet,160,30.12,2234,35514,3892403,129228
2024-02-07 19:17:28.648648648,Heliopolis,Duplex,321,30.07,1902,43575,11643889,387247
2024-02-08 15:00:54.054054054,Sheikh Zayed,Duplex,165,30.95,2157,32485,4331730,139955
2024-02-09 10:44:19.459459459,6th of October,Duplex,117,28.84,2249,33663,5273196,182828
2024-02-10 06:27:44.864864865,Maadi,Apartment,296,29.52,2056,41605,7190726,243561
2024-02-11 02:11:10.270270270,Ain Sokhna,Chalet,135,28.22,2034,33642,8097626,286899
2024-02-11 21:54:35.675675675,Heliopolis,Apartment,153,28.78,2066,38098,4278213,148667
2024-02-12 17:38:01.081081081,Haram,Villa,491,29.18,2164,43452,17303498,593070
2024-02-13 13:21:26.486486486,Haram,Penthouse,159,29.25,1980,33137,4835408,165299
2024-02-14 09:04:51.891891892,6th of October,Villa,155,30.61,2136,34190,9930076,324433
2024-02-15 04:48:17.297297297,Nasr City,Duplex,237,30.09,1844,35817,5423106,180221
2024-02-16 00:31:42.702702703,6th of October,Chalet,160,31.71,2067,30420,6079679,191754
2024-02-16 20:15:08.108108108,Sheikh Zayed,Penthouse,301,30.89,1927,35830,17703932,573184
2024-02-17 15:58:33.513513513,Haram,Villa,149,28.14,1876,42805,4350409,154584
2024-02-18 11:41:58.918918919,North Coast,Duplex,276,29.94,1905,38507,17347791,579421
2024-02-19 07:25:24.324324324,Heliopolis,Apartment,467,27.32,1816,32323,8846847,323840
2024-02-20 03:08:49.729729730,Heliopolis,Duplex,428,31.74,2171,38431,13123080,413417
2024-02-20 22:52:15.135135135,Alexandria,Apartment,428,31.96,2003,37727,5148333,161095
2024-02-21 18:35:40.540540540,Alexandria,Chalet,135,29.53,2058,34501,3868649,130987
2024-02-22 14:19:05.945945946,Nasr City,Chalet,426,31.69,2321,33629,19371430,611369
2024-02-23 10:02:31.351351351,Haram,Villa,482,30.37,2048,41701,19131889,629877
2024-02-24 05:45:56.756756757,Sheikh Zayed,Duplex,68,30.92,2203,33266,3741078,120989
2024-02-25 01:29:22.162162162,Haram,Villa,64,30.31,1762,35316,2681032,88466
2024-02-25 21:12:47.567567568,New Cairo,Duplex,204,29.0,2204,26851,8333191,287315
2024-02-26 16:56:12.972972973,6th of October,Chalet,232,32.36,1997,33845,11871034,366898
2024-02-27 12:39:38.378378378,Nasr City,Duplex,376,30.83,2109,30583,6819231,221173
2024-02-28 08:23:03.783783784,New Cairo,Apartment,371,31.14,1615,39570,5526866,177471
2024-02-29 04:06:29.189189189,Heliopolis,Penthouse,262,29.75,2042,33112,12414680,417329
2024-02-29 23:49:54.594594595,Alexandria,Apartment,73,30.33,1865,41103,1458748,48102
2024-03-01 19:33:20.000000000,Alexandria,Chalet,71,28.69,1964,31051,2532151,88269
2024-03-02 15:16:45.405405405,Haram,Villa,375,29.26,1886,35601,16554152,565697
2024-03-03 11:00:10.810810811,Nasr City,Chalet,204,29.03,1759,28941,7700178,265230
2024-03-04 06:43:36.216216216,6th of October,Penthouse,449,31.02,1801,42325,14201343,457820
2024-03-05 02:27:01.621621622,Sheikh Zayed,Chalet,424,29.54,1824,34568,18791800,636247
2024-03-05 22:10:27.027027027,Alexandria,Chalet,342,32.29,1895,35439,16200171,501698
2024-03-06 17:53:52.432432432,6th of October,Apartment,464,30.01,2007,33199,9836089,327783
2024-03-07 13:37:17.837837838,Alexandria,Apartment,110,30.93,1869,32315,1722906,55695
2024-03-08 09:20:43.243243243,New Cairo,Villa,407,24.78,1959,32928,25270486,1019680
2024-03-09 05:04:08.648648649,Maadi,Duplex,448,31.34,1915,45157,22020591,702652
2024-03-10 00:47:34.054054054,Heliopolis,Penthouse,457,28.55,2102,39233,22454186,786414
2024-03-10 20:30:59.459459460,6th of October,Villa,367,27.36,1695,42845,17108641,625272
2024-03-11 16:14:24.864864865,Ain Sokhna,Villa,110,31.45,2096,39848,6080219,193311
2024-03-12 11:57:50.270270270,Nasr City,Penthouse,93,29.78,1771,39823,3021948,101462
2024-03-13 07:41:15.675675676,6th of October,Apartment,210,30.55,1859,32944,5286496,173044
2024-03-14 03:24:41.081081081,6th of October,Chalet,152,28.41,2011,36411,7646283,269129
2024-03-14 23:08:06.486486487,6th of October,Penthouse,64,28.08,1804,35203,2377101,84655
2024-03-15 18:51:31.891891892,Haram,Villa,492,29.27,2294,35141,20122816,687558
2024-03-16 14:34:57.297297297,Haram,Apartment,106,28.95,2032,34550,1800359,62187
2024-03-17 10:18:22.702702703,New Cairo,Chalet,312,29.67,2003,36262,8956554,301887
2024-03-18 06:01:48.108108108,Maadi,Villa,87,29.06,1671,38405,2811304,96740
2024-03-19 01:45:13.513513514,Ain Sokhna,Chalet,298,28.52,1824,28363,15070628,528458
2024-03-19 21:28:38.918918919,Ain Sokhna,Penthouse,87,29.03,1837,41748,4993095,171996
2024-03-20 17:12:04.324324324,Alexandria,Penthouse,205,31.32,2011,31554,12452241,397549
2024-03-21 12:55:29.729729730,North Coast,Apartment,295,29.42,1899,40582,5913697,201023
2024-03-22 08:38:55.135135135,North Coast,Chalet,424,28.04,2074,34222,17195929,613362
2024-03-23 04:22:20.540540541,Maadi,Penthouse,257,29.69,1658,38189,10415645,350805
2024-03-24 00:05:45.945945946,Maadi,Apartment,153,30.22,2075,31089,3492228,115568
2024-03-24 19:49:11.351351351,Sheikh Zayed,Chalet,451,31.86,1987,31361,31152645,977707
2024-03-25 15:32:36.756756757,New Cairo,Duplex,106,30.96,2148,38056,5643837,182306
2024-03-26 11:16:02.162162162,Heliopolis,Chalet,415,31.32,1747,32008,9814938,313347
2024-03-27 06:59:27.567567568,Ain Sokhna,Villa,231,26.79,2093,30949,9747882,363838
2024-03-28 02:42:52.972972973,New Cairo,Penthouse,388,30.79,2216,25113,32420276,1052787
2024-03-28 22:26:18.378378378,New Cairo,Penthouse,377,28.8,1916,41020,13315113,462255
2024-03-29 18:09:43.783783784,North Coast,Chalet,196,29.24,1813,35734,14436706,493775
2024-03-30 13:53:09.189189189,North Coast,Chalet,420,30.53,2114,37551,33449248,1095628
2024-03-31 09:36:34.594594595,Heliopolis,Penthouse,64,30.98,1806,33903,1850433,59729
2024-04-01 05:20:00.000000000,Alexandria,Villa,355,30.91,2265,33406,19821218,641210
2024-04-02 01:03:25.405405406,6th of October,Penthouse,481,26.51,2226,27556,27400769,1033582
2024-04-02 20:46:50.810810811,Ain Sokhna,Villa,368,31.5,2035,38083,18330606,582008
2024-04-03 16:30:16.216216216,Maadi,Chalet,450,31.37,2163,41823,15153851,483002
2024-04-04 12:13:41.621621622,Nasr City,Penthouse,97,29.95,2124,39039,2476724,82691
2024-04-05 07:57:07.027027027,New Cairo,Duplex,145,29.92,2276,33374,6332176,211620
2024-04-06 03:40:32.432432433,Nasr City,Penthouse,275,30.39,2008,45022,8610227,283316
2024-04-06 23:23:57.837837838,Heliopolis,Penthouse,106,32.12,1928,35109,6455409,200969
2024-04-07 19:07:23.243243243,Nasr City,Villa,358,29.8,2177,36432,21841047,732986
2024-04-08 14:50:48.648648649,Haram,Villa,361,31.14,2031,38471,17066015,547990
2024-04-09 10:34:14.054054054,Nasr City,Duplex,192,28.6,2032,36768,3985963,139392
2024-04-10 06:17:39.459459460,New Cairo,Duplex,346,27.99,2283,35735,12071264,431304
2024-04-11 02:01:04.864864865,Ain Sokhna,Apartment,361,30.15,1905,33018,10812806,358632
2024-04-11 21:44:30.270270270,Ain Sokhna,Apartment,60,30.08,2164,28230,1783245,59276
2024-04-12 17:27:55.675675676,Heliopolis,Apartment,261,32.29,1848,28380,3466211,107331
2024-04-13 13:11:21.081081081,Haram,Chalet,353,28.07,1805,33656,9738624,347001
2024-04-14 08:54:46.486486486,6th of October,Apartment,239,32.5,2120,34371,5468290,168236
2024-04-15 04:38:11.891891892,Maadi,Villa,215,30.12,1777,34851,9525436,316274
2024-04-16 00:21:37.297297298,Maadi,Duplex,122,30.64,2000,35633,5678167,185293
2024-04-16 20:05:02.702702702,Ain Sokhna,Chalet,438,29.15,2169,44025,29336702,1006430
2024-04-17 15:48:28.108108108,North Coast,Chalet,77,29.14,2155,30997,6530335,224105
2024-04-18 11:31:53.513513514,Sheikh Zayed,Duplex,172,31.87,1688,33629,7903531,247999
2024-04-19 07:15:18.918918920,Ain Sokhna,Chalet,347,29.44,2077,33822,18404377,625088
2024-04-20 02:58:44.324324324,New Cairo,Duplex,347,31.4,2190,37886,17844126,568220
2024-04-20 22:42:09.729729730,Maadi,Apartment,298,28.31,2144,35690,5731902,202494
2024-04-21 18:25:35.135135136,North Coast,Villa,350,31.22,1858,35938,22931833,734505
2024-04-22 14:09:00.540540540,Nasr City,Penthouse,241,30.38,1901,31250,5582784,183770
2024-04-23 09:52:25.945945946,Sheikh Zayed,Villa,322,31.03,2070,40469,24708329,796188
2024-04-24 05:35:51.351351352,Heliopolis,Duplex,70,31.44,1894,29366,2111314,67159
2024-04-25 01:19:16.756756756,Ain Sokhna,Duplex,79,28.08,2263,26672,3660374,130358
2024-04-25 21:02:42.162162162,6th of October,Duplex,401,32.54,1946,36029,10286112,316061
2024-04-26 16:46:07.567567568,Ain Sokhna,Apartment,429,33.23,2100,32508,9793970,294707
2024-04-27 12:29:32.972972974,Nasr City,Villa,88,29.37,1919,31886,2062961,70233
2024-04-28 08:12:58.378378378,Maadi,Villa,187,30.29,1853,36633,10591024,349610
2024-04-29 03:56:23.783783784,Haram,Duplex,146,27.45,1865,31361,2379072,86681
2024-04-29 23:39:49.189189190,Sheikh Zayed,Duplex,296,28.49,2076,34367,11659596,409189
2024-04-30 19:23:14.594594594,Haram,Villa,369,31.21,1947,35794,17290648,554011
2024-05-01 15:06:40.000000000,6th of October,Villa,88,27.71,1880,40365,4979128,179661
2024-05-02 10:50:05.405405406,North Coast,Chalet,369,28.67,2312,33781,22594208,787959
2024-05-03 06:33:30.810810810,Maadi,Penthouse,371,30.91,1772,34978,24201732,782939
2024-05-04 02:16:56.216216216,Sheikh Zayed,Apartment,213,29.01,1682,33596,2947635,101601
2024-05-04 22:00:21.621621622,New Cairo,Apartment,276,31.15,2240,31812,10663399,342302
2024-05-05 17:43:47.027027028,Heliopolis,Duplex,231,29.89,1953,32364,6591866,220564
2024-05-06 13:27:12.432432432,New Cairo,Penthouse,76,29.89,2093,35710,4855355,162449
2024-05-07 09:10:37.837837838,6th of October,Penthouse,140,28.0,2192,39248,7334291,261967
2024-05-08 04:54:03.243243244,North Coast,Apartment,148,32.03,2154,35579,6996269,218413
2024-05-09 00:37:28.648648648,Haram,Apartment,466,29.43,1812,45423,3500420,118955
2024-05-09 20:20:54.054054054,Heliopolis,Apartment,430,29.94,2102,35113,8523602,284683
2024-05-10 16:04:19.459459460,Haram,Apartment,73,30.04,1789,37004,999502,33267
2024-05-11 11:47:44.864864864,Sheikh Zayed,Chalet,352,26.21,2194,40776,21410393,817003
2024-05-12 07:31:10.270270270,New Cairo,Duplex,408,27.14,2184,38344,21989130,810114
2024-05-13 03:14:35.675675676,Haram,Duplex,441,28.36,1644,33249,6322041,222930
2024-05-13 22:58:01.081081082,Ain Sokhna,Duplex,88,28.22,1922,40637,3773610,133718
2024-05-14 18:41:26.486486486,Alexandria,Duplex,298,28.79,1969,36147,10717126,372239
2024-05-15 14:24:51.891891892,New Cairo,Chalet,488,26.87,1798,31325,19453484,723926
2024-05-16 10:08:17.297297298,Sheikh Zayed,Penthouse,212,30.69,1962,31186,13642658,444529
2024-05-17 05:51:42.702702702,Haram,Penthouse,120,29.59,2084,28869,2394895,80943
2024-05-18 01:35:08.108108108,North Coast,Chalet,121,28.32,2057,35665,8494497,299990
2024-05-18 21:18:33.513513514,6th of October,Penthouse,425,30.74,1904,32876,13358704,434589
2024-05-19 17:01:58.918918920,Alexandria,Apartment,318,30.7,2076,30003,8255270,268876
2024-05-20 12:45:24.324324324,Nasr City,Villa,300,30.86,1943,30305,16437624,532699
2024-05-21 08:28:49.729729730,Sheikh Zayed,Apartment,275,29.87,2141,40513,8951310,299682
2024-05-22 04:12:15.135135136,Alexandria,Duplex,457,31.03,1980,39502,14814198,477486
2024-05-22 23:55:40.540540540,Alexandria,Chalet,468,30.76,1969,31375,18479235,600753
2024-05-23 19:39:05.945945946,Maadi,Chalet,448,31.46,2006,32476,24366070,774453
2024-05-24 15:22:31.351351352,Heliopolis,Penthouse,140,31.36,2005,42460,6862398,218817
2024-05-25 11:05:56.756756756,New Cairo,Chalet,395,31.23,2139,36686,15070494,482553
2024-05-26 06:49:22.162162162,Alexandria,Penthouse,229,30.48,1905,35779,5591879,183480
2024-05-27 02:32:47.567567568,Haram,Apartment,90,29.76,1974,35586,1230403,41341
2024-05-27 22:16:12.972972974,Heliopolis,Villa,415,32.35,2051,31871,32629094,1008597
2024-05-28 17:59:38.378378378,New Cairo,Apartment,76,29.08,1957,31471,1562295,53728
2024-05-29 13:43:03.783783784,North Coast,Penthouse,222,29.41,1899,34814,19186064,652285
2024-05-30 09:26:29.189189190,Heliopolis,Penthouse,337,29.51,2026,36634,10616867,359831
2024-05-31 05:09:54.594594594,Nasr City,Chalet,251,29.46,2026,27760,7453182,253031
2024-06-01 00:53:20.000000000,North Coast,Chalet,269,31.45,2055,32896,16371644,520602
2024-06-01 20:36:45.405405406,New Cairo,Chalet,117,31.02,1992,40194,3894832,125569
2024-06-02 16:20:10.810810810,Nasr City,Villa,234,30.16,2168,40242,10281114,340868
2024-06-03 12:03:36.216216216,6th of October,Apartment,441,29.67,1827,34541,10994247,370596
2024-06-04 07:47:01.621621622,Nasr City,Chalet,446,30.95,1832,30314,9212825,297668
2024-06-05 03:30:27.027027028,Sheikh Zayed,Penthouse,222,30.11,1965,38802,8133615,270118
2024-06-05 23:13:52.432432432,North Coast,Duplex,489,29.49,1976,30253,19197928,651096
2024-06-06 18:57:17.837837838,Nasr City,Chalet,408,30.29,2106,34641,18562566,612731
2024-06-07 14:40:43.243243244,Ain Sokhna,Apartment,441,32.16,1898,42203,11288815,351018
2024-06-08 10:24:08.648648648,Alexandria,Duplex,378,28.01,2173,29186,9415852,336156
2024-06-09 06:07:34.054054054,New Cairo,Penthouse,333,32.95,1859,41475,24844704,754058
2024-06-10 01:50:59.459459460,Maadi,Chalet,360,30.39,2070,32517,17814106,586241
2024-06-10 21:34:24.864864866,Alexandria,Duplex,207,30.66,2177,32357,9519345,310530
2024-06-11 17:17:50.270270270,New Cairo,Villa,284,29.63,1897,30993,17048078,575380
2024-06-12 13:01:15.675675676,Haram,Villa,202,29.58,1925,33220,4701492,158950
2024-06-13 08:44:41.081081082,6th of October,Chalet,449,32.55,2207,28865,25036370,769106
2024-06-14 04:28:06.486486486,North Coast,Villa,407,31.29,1913,39356,35413734,1131729
2024-06-15 00:11:31.891891892,Ain Sokhna,Chalet,143,33.23,2175,34596,9547681,287288
2024-06-15 19:54:57.297297298,Alexandria,Duplex,421,32.25,2252,33158,15834932,491038
2024-06-16 15:38:22.702702702,Ain Sokhna,Duplex,456,33.55,1936,33586,18507798,551601
2024-06-17 11:21:48.108108108,North Coast,Penthouse,178,26.96,1915,34672,11445828,424548
2024-06-18 07:05:13.513513514,Sheikh Zayed,Villa,270,30.06,2018,37454,15594901,518844
2024-06-19 02:48:38.918918920,Maadi,Apartment,450,28.47,2163,34557,6345489,222916
2024-06-19 22:32:04.324324324,Haram,Penthouse,83,27.2,1864,28752,2032889,74728
2024-06-20 18:15:29.729729730,Nasr City,Villa,394,33.0,1974,38534,24943229,755795
2024-06-21 13:58:55.135135136,6th of October,Chalet,245,32.21,2207,32497,9504056,295021
2024-06-22 09:42:20.540540540,Nasr City,Villa,487,30.59,2034,25701,27137348,887023
2024-06-23 05:25:45.945945946,Heliopolis,Penthouse,100,30.82,1944,38086,3738605,121322
2024-06-24 01:09:11.351351352,Sheikh Zayed,Apartment,438,25.73,1868,28495,9710672,377447
2024-06-24 20:52:36.756756756,Heliopolis,Apartment,483,27.57,2231,31932,8378665,303879
2024-06-25 16:36:02.162162162,6th of October,Villa,152,28.86,2149,33024,9434261,326900
2024-06-26 12:19:27.567567568,Heliopolis,Duplex,323,32.25,2127,33605,10087781,312788
2024-06-27 08:02:52.972972974,Heliopolis,Penthouse,263,29.48,2182,34641,16300566,553009
2024-06-28 03:46:18.378378378,North Coast,Duplex,426,29.55,2056,33692,13763424,465845
2024-06-28 23:29:43.783783784,Heliopolis,Duplex,341,29.17,2109,34677,12522143,429228
2024-06-29 19:13:09.189189190,New Cairo,Apartment,238,31.37,2051,38992,5004892,159521
2024-06-30 14:56:34.594594594,Ain Sokhna,Duplex,353,25.66,2166,30840,17773911,692788
2024-07-01 10:40:00.000000000,Ain Sokhna,Villa,400,30.41,1902,39292,35038791,1152028
2024-07-02 06:23:25.405405406,Sheikh Zayed,Apartment,370,29.75,1992,35786,11337585,381043
2024-07-03 02:06:50.810810812,Sheikh Zayed,Villa,204,30.28,2025,33391,10505854,347006
2024-07-03 21:50:16.216216216,Nasr City,Apartment,60,30.42,2095,30427,850215,27950
2024-07-04 17:33:41.621621622,Heliopolis,Apartment,149,28.51,1933,28546,3915911,137328
2024-07-05 13:17:07.027027028,Alexandria,Apartment,235,31.4,1949,35824,3518853,112077
2024-07-06 09:00:32.432432432,Alexandria,Chalet,383,31.83,2104,34553,12881956,404650
2024-07-07 04:43:57.837837838,Sheikh Zayed,Penthouse,338,31.15,2193,33954,13168761,422729
2024-07-08 00:27:23.243243244,Maadi,Apartment,272,28.36,1783,41378,4084831,144057
2024-07-08 20:10:48.648648648,Alexandria,Apartment,364,28.73,1677,42073,7202181,250688
2024-07-09 15:54:14.054054054,6th of October,Villa,489,34.71,2004,28477,36910028,1063292
2024-07-10 11:37:39.459459460,Ain Sokhna,Villa,423,30.26,2113,36124,30538478,1009321
2024-07-11 07:21:04.864864866,Nasr City,Chalet,110,28.87,1957,28228,4748031,164467
2024-07-12 03:04:30.270270270,6th of October,Villa,479,29.85,1892,41234,29064049,973588
2024-07-12 22:47:55.675675676,Nasr City,Villa,404,28.41,2009,36317,13377520,470839
2024-07-13 18:31:21.081081082,North Coast,Apartment,485,30.59,1876,34398,17668656,577553
2024-07-14 14:14:46.486486486,New Cairo,Duplex,435,28.5,2010,45184,12862181,451346
2024-07-15 09:58:11.891891892,Alexandria,Villa,437,30.62,2110,33985,21601342,705474
2024-07-16 05:41:37.297297298,New Cairo,Villa,406,28.92,2134,33820,20505136,708971
2024-07-17 01:25:02.702702702,Alexandria,Villa,462,31.87,1874,43580,30182582,947005
2024-07-17 21:08:28.108108108,New Cairo,Chalet,167,29.47,2068,39898,8862200,300731
2024-07-18 16:51:53.513513514,Haram,Apartment,137,32.44,1917,35654,1791781,55242
2024-07-19 12:35:18.918918920,Sheikh Zayed,Chalet,322,28.79,2245,41710,16244249,564144
2024-07-20 08:18:44.324324324,Ain Sokhna,Duplex,361,29.17,2045,32863,19326181,662544
2024-07-21 04:02:09.729729730,Ain Sokhna,Penthouse,95,29.13,1847,32402,3093738,106213
2024-07-21 23:45:35.135135136,New Cairo,Duplex,189,28.16,1921,35821,5785599,205424
2024-07-22 19:29:00.540540540,Heliopolis,Villa,126,27.01,2056,39910,8149656,301734
2024-07-23 15:12:25.945945946,Sheikh Zayed,Apartment,350,28.19,1960,41907,4672157,165764
2024-07-24 10:55:51.351351352,Haram,Duplex,392,31.97,2104,33692,10006677,313033
2024-07-25 06:39:16.756756756,Alexandria,Duplex,204,28.22,1649,33002,4997139,177107
2024-07-26 02:22:42.162162162,6th of October,Penthouse,419,28.87,2118,32405,18992680,657867
2024-07-26 22:06:07.567567568,Sheikh Zayed,Apartment,331,30.41,1814,35099,9015954,296479
2024-07-27 17:49:32.972972972,Nasr City,Apartment,210,28.82,1800,27655,2856433,99109
2024-07-28 13:32:58.378378380,Ain Sokhna,Villa,255,30.76,2054,40608,16480772,535751
2024-07-29 09:16:23.783783784,Heliopolis,Duplex,71,29.34,2174,37273,2823770,96236
2024-07-30 04:59:49.189189188,Alexandria,Penthouse,222,30.9,2080,31406,10281267,332733
2024-07-31 00:43:14.594594596,Nasr City,Villa,315,30.18,2106,27123,15867930,525691
2024-07-31 20:26:40.000000000,New Cairo,Penthouse,495,29.67,1621,35255,14036321,473039
2024-08-01 16:10:05.405405404,Heliopolis,Villa,451,31.43,1491,34567,19953942,634946
2024-08-02 11:53:30.810810812,Nasr City,Villa,375,29.9,2007,34077,20528592,686648
2024-08-03 07:36:56.216216216,6th of October,Chalet,64,29.68,2223,35594,3230111,108831
2024-08-04 03:20:21.621621620,Ain Sokhna,Chalet,452,29.49,1907,33790,25355476,859671
2024-08-04 23:03:47.027027028,New Cairo,Duplex,319,27.7,2136,36998,9910357,357793
2024-08-05 18:47:12.432432432,Sheikh Zayed,Penthouse,175,33.43,2257,30762,14040957,419972
2024-08-06 14:30:37.837837840,Maadi,Penthouse,145,29.65,1843,36547,7251085,244547
2024-08-07 10:14:03.243243244,Haram,Penthouse,124,32.05,2140,33024,4598005,143456
2024-08-08 05:57:28.648648648,Heliopolis,Villa,232,29.82,1934,38264,11738511,393692
2024-08-09 01:40:54.054054056,Nasr City,Penthouse,341,28.04,2109,30046,13338324,475724
2024-08-09 21:24:19.459459460,Alexandria,Penthouse,495,29.54,2153,36165,24411610,826409
2024-08-10 17:07:44.864864864,New Cairo,Villa,119,28.9,1970,33480,7876336,272500
2024-08-11 12:51:10.270270272,Haram,Duplex,291,33.24,1909,37968,4984109,149961
2024-08-12 08:34:35.675675676,New Cairo,Apartment,402,30.45,1821,35250,9561302,314011
2024-08-13 04:18:01.081081080,New Cairo,Penthouse,67,29.45,2027,29611,4428587,150366
2024-08-14 00:01:26.486486488,Nasr City,Chalet,450,28.54,1908,39778,17688300,619716
2024-08-14 19:44:51.891891892,Heliopolis,Penthouse,409,28.8,1978,38794,25016483,868535
2024-08-15 15:28:17.297297296,North Coast,Apartment,388,30.05,1812,32990,14666854,488044
2024-08-16 11:11:42.702702704,Nasr City,Duplex,137,31.44,1992,31875,3770237,119905
2024-08-17 06:55:08.108108108,North Coast,Villa,433,29.44,2124,34889,29308171,995378
2024-08-18 02:38:33.513513512,Sheikh Zayed,Chalet,69,30.84,1968,32620,3129784,101500
2024-08-18 22:21:58.918918920,Haram,Apartment,173,28.08,1966,33892,1387927,49431
2024-08-19 18:05:24.324324324,New Cairo,Penthouse,181,30.46,2039,38350,13128172,431051
2024-08-20 13:48:49.729729728,North Coast,Duplex,283,28.78,2027,29812,11737770,407851
2024-08-21 09:32:15.135135136,Alexandria,Duplex,344,29.19,2047,32591,13727842,470296
2024-08-22 05:15:40.540540540,6th of October,Duplex,337,30.41,2345,39301,16608469,546150
2024-08-23 00:59:05.945945948,6th of October,Chalet,82,31.13,2057,40159,3476811,111686
2024-08-23 20:42:31.351351352,Haram,Villa,203,31.01,2089,38078,4692785,151332
2024-08-24 16:25:56.756756756,New Cairo,Duplex,163,30.37,1970,29825,4339483,142898
2024-08-25 12:09:22.162162164,Ain Sokhna,Chalet,470,31.62,1851,40946,18006975,569535
2024-08-26 07:52:47.567567568,Nasr City,Villa,149,30.47,2047,38095,5532303,181573
2024-08-27 03:36:12.972972972,6th of October,Chalet,160,31.68,1956,31233,6126005,193351
2024-08-27 23:19:38.378378380,Nasr City,Villa,83,29.31,1946,33424,3046346,103925
2024-08-28 19:03:03.783783784,Nasr City,Apartment,178,29.38,2004,39301,2418852,82323
2024-08-29 14:46:29.189189188,North Coast,Penthouse,395,31.1,1850,34920,15996966,514348
2024-08-30 10:29:54.594594596,6th of October,Duplex,119,29.0,2163,29316,3974175,137039
2024-08-31 06:13:20.000000000,Maadi,Penthouse,135,31.04,2143,35353,8706512,280451
2024-09-01 01:56:45.405405404,Nasr City,Apartment,242,32.22,1904,29754,2758815,85634
2024-09-01 21:40:10.810810812,Alexandria,Duplex,177,28.46,2278,39884,4043688,142064
2024-09-02 17:23:36.216216216,Maadi,Duplex,134,30.87,2045,29493,5865876,189999
2024-09-03 13:07:01.621621620,Sheikh Zayed,Chalet,166,30.21,1734,36292,4545226,150447
2024-09-04 08:50:27.027027028,6th of October,Villa,128,29.78,1944,36607,4455124,149608
2024-09-05 04:33:52.432432432,Heliopolis,Villa,251,28.33,1992,35822,11657325,411441
2024-09-06 00:17:17.837837840,6th of October,Apartment,339,29.43,2135,38112,4470120,151877
2024-09-06 20:00:43.243243244,Alexandria,Duplex,211,29.52,1997,38545,3943284,133573
2024-09-07 15:44:08.648648648,Maadi,Villa,276,28.96,1921,34943,11174162,385834
2024-09-08 11:27:34.054054056,Sheikh Zayed,Villa,422,30.15,1830,27948,27094941,898597
2024-09-09 07:10:59.459459460,Sheikh Zayed,Chalet,207,28.46,2173,33492,8298519,291584
2024-09-10 02:54:24.864864864,Alexandria,Penthouse,373,28.74,2091,29921,21382641,743915
2024-09-10 22:37:50.270270272,Alexandria,Penthouse,484,28.39,1876,34343,10888094,383521
2024-09-11 18:21:15.675675676,Ain Sokhna,Apartment,140,31.52,1657,35957,2203246,69904
2024-09-12 14:04:41.081081080,Maadi,Villa,124,32.14,1835,34129,5550269,172668
2024-09-13 09:48:06.486486488,Haram,Villa,203,32.65,1844,32156,7843433,240192
2024-09-14 05:31:31.891891892,Maadi,Duplex,118,30.11,1902,34764,2935426,97487
2024-09-15 01:14:57.297297296,New Cairo,Penthouse,79,32.37,2041,36430,6084650,187947
2024-09-15 20:58:22.702702704,Alexandria,Villa,343,28.74,1990,32056,18826313,654964
2024-09-16 16:41:48.108108108,New Cairo,Villa,286,30.45,1887,33294,17367791,570405
2024-09-17 12:25:13.513513512,6th of October,Chalet,327,31.72,1725,35802,7348602,231651
2024-09-18 08:08:38.918918920,Alexandria,Duplex,144,31.57,1792,23961,3267284,103478
2024-09-19 03:52:04.324324324,Sheikh Zayed,Chalet,424,31.6,1960,36933,17245605,545832
2024-09-19 23:35:29.729729728,Maadi,Apartment,279,29.18,1922,36191,4965845,170178
2024-09-20 19:18:55.135135136,Heliopolis,Duplex,425,31.14,2003,40648,16021398,514473
2024-09-21 15:02:20.540540540,New Cairo,Penthouse,434,30.55,1907,36559,22664344,741845
2024-09-22 10:45:45.945945948,New Cairo,Duplex,340,28.84,1924,37234,16315676,565702
2024-09-23 06:29:11.351351352,Heliopolis,Chalet,248,28.11,1848,36106,6919053,246125
2024-09-24 02:12:36.756756756,Heliopolis,Villa,190,31.1,2010,39168,9063110,291435
2024-09-24 21:56:02.162162164,Heliopolis,Duplex,307,30.37,1931,38428,10383798,341960
2024-09-25 17:39:27.567567568,Sheikh Zayed,Villa,134,29.75,2182,41085,8382305,281789
2024-09-26 13:22:52.972972972,Heliopolis,Duplex,198,29.28,2099,33729,8858440,302495
2024-09-27 09:06:18.378378380,Ain Sokhna,Apartment,207,28.99,2088,33100,6405908,220993
2024-09-28 04:49:43.783783784,6th of October,Duplex,468,29.11,1818,40831,12977566,445851
2024-09-29 00:33:09.189189188,New Cairo,Apartment,414,29.23,2128,36384,10552287,361052
2024-09-29 20:16:34.594594596,Ain Sokhna,Chalet,150,27.66,1785,32710,8736830,315880
2024-09-30 16:00:00.000000000,6th of October,Chalet,143,28.02,1992,33788,7457785,266173
2024-10-01 11:43:25.405405404,Haram,Apartment,142,31.27,2074,35155,2763000,88373
2024-10-02 07:26:50.810810812,Ain Sokhna,Apartment,334,30.23,2055,42352,11584821,383204
2024-10-03 03:10:16.216216216,Alexandria,Apartment,435,31.24,1917,37622,8994016,287855
2024-10-03 22:53:41.621621620,North Coast,Villa,420,32.29,1820,29907,25094889,777134
2024-10-04 18:37:07.027027028,Ain Sokhna,Penthouse,121,30.11,2174,31290,5452399,181112
2024-10-05 14:20:32.432432432,Alexandria,Penthouse,452,30.36,2146,37004,12604426,415199
2024-10-06 10:03:57.837837840,New Cairo,Penthouse,402,27.28,1896,40896,23298335,853889
2024-10-07 05:47:23.243243244,6th of October,Villa,367,29.47,2315,30547,23046022,781963
2024-10-08 01:30:48.648648648,Maadi,Duplex,216,32.1,2166,33549,10677466,332607
2024-10-08 21:14:14.054054056,Maadi,Duplex,253,29.25,1968,28000,11062416,378252
2024-10-09 16:57:39.459459460,North Coast,Apartment,269,29.34,1668,34119,7610058,259369
2024-10-10 12:41:04.864864864,6th of October,Penthouse,399,26.9,2012,29169,14508469,539384
2024-10-11 08:24:30.270270272,New Cairo,Apartment,249,30.45,2043,33760,5299123,174044
2024-10-12 04:07:55.675675676,New Cairo,Villa,422,27.31,1912,38414,14483247,530354
2024-10-12 23:51:21.081081080,Heliopolis,Chalet,118,31.61,2003,42604,4882947,154455
2024-10-13 19:34:46.486486488,New Cairo,Duplex,78,29.91,2124,34274,3200219,106998
2024-10-14 15:18:11.891891892,New Cairo,Penthouse,149,30.22,1907,32166,5033668,166582
2024-10-15 11:01:37.297297296,New Cairo,Duplex,141,30.51,2029,31725,3700514,121271
2024-10-16 06:45:02.702702704,Nasr City,Apartment,284,27.49,1865,32894,3435825,124992
2024-10-17 02:28:28.108108108,Alexandria,Villa,366,32.26,1985,35075,25193181,780972
2024-10-17 22:11:53.513513512,6th of October,Apartment,436,29.55,1952,40325,5791997,196019
2024-10-18 17:55:18.918918920,Maadi,Chalet,459,31.14,2047,42603,16510408,530153
2024-10-19 13:38:44.324324324,New Cairo,Penthouse,416,30.24,1845,40062,19921669,658790
2024-10-20 09:22:09.729729732,Maadi,Duplex,336,28.7,1903,42101,8557959,298179
2024-10-21 05:05:35.135135136,Ain Sokhna,Apartment,496,30.39,2157,32752,10360748,340886
2024-10-22 00:49:00.540540540,Alexandria,Chalet,107,28.01,1988,33617,4560508,162834
2024-10-22 20:32:25.945945948,Ain Sokhna,Villa,499,30.67,1845,34382,24556958,800600
2024-10-23 16:15:51.351351352,Sheikh Zayed,Duplex,478,30.65,1915,34163,24035822,784308
2024-10-24 11:59:16.756756756,New Cairo,Apartment,353,30.16,2179,36087,6221310,206271
2024-10-25 07:42:42.162162164,Nasr City,Apartment,424,31.74,2004,36672,6750115,212688
2024-10-26 03:26:07.567567568,Nasr City,Villa,214,27.35,1782,31647,6378041,233208
2024-10-26 23:09:32.972972972,Haram,Penthouse,181,29.33,2104,33664,3608202,123001
2024-10-27 18:52:58.378378380,Alexandria,Apartment,344,27.69,1777,37115,4142479,149599
2024-10-28 14:36:23.783783784,Alexandria,Apartment,456,26.94,2235,36001,7964936,295637
2024-10-29 10:19:49.189189188,Ain Sokhna,Chalet,446,28.4,1868,29954,23468051,826197
2024-10-30 06:03:14.594594596,Ain Sokhna,Duplex,444,28.7,1839,35956,16602363,578430
2024-10-31 01:46:40.000000000,Sheikh Zayed,Chalet,494,31.07,2128,30805,34174976,1100094
2024-10-31 21:30:05.405405404,Haram,Chalet,224,28.2,1895,36819,6412156,227393
2024-11-01 17:13:30.810810812,Heliopolis,Duplex,433,30.38,2070,39343,21272988,700215
2024-11-02 12:56:56.216216216,Maadi,Chalet,64,30.15,1900,38492,1751900,58111
2024-11-03 08:40:21.621621620,Haram,Duplex,129,29.81,1824,34946,3682035,123504
2024-11-04 04:23:47.027027028,Ain Sokhna,Villa,287,30.59,1864,32384,13276235,434065
2024-11-05 00:07:12.432432432,Alexandria,Chalet,301,30.8,2046,26201,11235538,364735
2024-11-05 19:50:37.837837840,Nasr City,Penthouse,222,27.43,1970,34394,4411385,160815
2024-11-06 15:34:03.243243244,New Cairo,Apartment,428,28.47,1880,30590,9764585,343036
2024-11-07 11:17:28.648648648,Ain Sokhna,Villa,81,28.73,2168,38790,4516597,157235
2024-11-08 07:00:54.054054056,Haram,Villa,379,28.54,1793,32493,7051876,247065
2024-11-09 02:44:19.459459460,Alexandria,Chalet,78,31.29,1981,33574,3630082,116000
2024-11-09 22:27:44.864864864,New Cairo,Penthouse,200,31.2,2113,39755,9861013,316051
2024-11-10 18:11:10.270270272,6th of October,Villa,250,31.06,1996,31472,11785485,379412
2024-11-11 13:54:35.675675676,Nasr City,Chalet,414,33.16,2117,41900,11825325,356569
2024-11-12 09:38:01.081081080,6th of October,Chalet,417,31.01,1930,34122,21216382,684220
2024-11-13 05:21:26.486486488,Sheikh Zayed,Villa,439,29.73,2012,34354,31764866,1068402
2024-11-14 01:04:51.891891892,Sheikh Zayed,Chalet,451,28.94,1881,33116,18031177,623147
2024-11-14 20:48:17.297297296,Maadi,Penthouse,290,27.69,1980,35315,9231163,333389
2024-11-15 16:31:42.702702704,6th of October,Penthouse,334,30.03,1871,36340,17521361,583370
2024-11-16 12:15:08.108108108,Ain Sokhna,Villa,69,30.33,2193,36701,5057415,166752
2024-11-17 07:58:33.513513512,Nasr City,Penthouse,467,33.33,2078,28047,14753763,442682
2024-11-18 03:41:58.918918920,Ain Sokhna,Villa,71,27.25,1995,36340,4380570,160754
2024-11-18 23:25:24.324324324,New Cairo,Apartment,300,28.58,1906,35061,5302199,185529
2024-11-19 19:08:49.729729732,Maadi,Apartment,402,28.55,2365,36919,10148142,355459
2024-11-20 14:52:15.135135136,Alexandria,Apartment,166,29.74,2109,33047,2816299,94700
2024-11-21 10:35:40.540540540,Nasr City,Duplex,397,29.76,2141,34094,11201589,376389
2024-11-22 06:19:05.945945948,6th of October,Penthouse,460,31.13,1990,42926,28654677,920363
2024-11-23 02:02:31.351351352,Alexandria,Villa,234,30.78,1877,35766,11524897,374387
2024-11-23 21:45:56.756756756,New Cairo,Duplex,490,30.1,2336,33358,15167149,503849
2024-11-24 17:29:22.162162164,Haram,Apartment,160,26.36,1995,34707,1328046,50376
2024-11-25 13:12:47.567567568,Sheikh Zayed,Chalet,295,31.67,2032,29695,18298829,577841
2024-11-26 08:56:12.972972972,Sheikh Zayed,Apartment,388,30.59,2094,39597,11850895,387427
2024-11-27 04:39:38.378378380,Sheikh Zayed,Apartment,275,30.86,2020,33640,4484861,145330
2024-11-28 00:23:03.783783784,New Cairo,Duplex,80,28.68,1788,28024,1943174,67748
2024-11-28 20:06:29.189189188,Haram,Penthouse,224,30.18,2026,35329,4373276,144913
2024-11-29 15:49:54.594594596,Alexandria,Chalet,170,30.99,1958,38656,7400766,238822
2024-11-30 11:33:20.000000000,Haram,Duplex,405,28.58,1822,39457,6191066,216642
2024-12-01 07:16:45.405405404,New Cairo,Duplex,245,30.35,2164,34233,8097626,266830
2024-12-02 03:00:10.810810812,Sheikh Zayed,Penthouse,193,28.96,1716,32099,11586642,400055
2024-12-02 22:43:36.216216216,New Cairo,Villa,66,28.14,1779,35659,2953626,104956
2024-12-03 18:27:01.621621620,Alexandria,Chalet,323,30.08,2100,37707,16576164,551136
2024-12-04 14:10:27.027027028,Maadi,Chalet,191,30.45,2084,35600,7442117,244429
2024-12-05 09:53:52.432432432,Ain Sokhna,Duplex,277,30.95,2022,35101,7571387,244604
2024-12-06 05:37:17.837837840,Heliopolis,Duplex,493,31.26,2297,32316,22018492,704366
2024-12-07 01:20:43.243243244,Ain Sokhna,Villa,85,30.94,1930,38458,5543856,179154
2024-12-07 21:04:08.648648648,Heliopolis,Duplex,410,28.24,2127,37554,8475057,300055
2024-12-08 16:47:34.054054056,Maadi,Duplex,116,29.64,2049,37479,3471211,117093
2024-12-09 12:30:59.459459460,Haram,Apartment,429,28.37,1976,35151,4251410,149874
2024-12-10 08:14:24.864864864,Haram,Penthouse,105,30.88,1971,33570,2456243,79549
2024-12-11 03:57:50.270270272,Sheikh Zayed,Villa,361,29.15,1987,34197,27051447,927866
2024-12-11 23:41:15.675675676,New Cairo,Apartment,299,28.15,2001,35739,6270907,222753
2024-12-12 19:24:41.081081080,Maadi,Apartment,331,29.96,2341,37186,11426824,381455
2024-12-13 15:08:06.486486488,Alexandria,Duplex,198,29.83,2123,34677,6061323,203188
2024-12-14 10:51:31.891891892,Ain Sokhna,Villa,213,28.77,2197,31653,11344988,394383
2024-12-15 06:34:57.297297296,Sheikh Zayed,Villa,306,32.37,2157,33728,26339056,813565
2024-12-16 02:18:22.702702704,Nasr City,Apartment,486,28.57,2070,40936,9106184,318784
2024-12-16 22:01:48.108108108,Alexandria,Penthouse,133,30.53,1917,40078,4457465,145986
2024-12-17 17:45:13.513513512,Heliopolis,Villa,311,30.09,1801,32569,19794452,657830
2024-12-18 13:28:38.918918920,6th of October,Duplex,200,31.14,1998,37460,7678863,246582
2024-12-19 09:12:04.324324324,Ain Sokhna,Apartment,382,32.13,1909,27533,8879357,276362
2024-12-20 04:55:29.729729732,Nasr City,Penthouse,240,31.51,2206,30020,7512917,238420
2024-12-21 00:38:55.135135136,New Cairo,Villa,213,27.71,2004,35855,8498069,306672
2024-12-21 20:22:20.540540540,Alexandria,Penthouse,127,29.72,1768,42933,2837532,95488
2024-12-22 16:05:45.945945948,6th of October,Duplex,341,29.73,2026,38516,10891017,366363
2024-12-23 11:49:11.351351352,North Coast,Penthouse,464,29.77,2099,37155,36737996,1233990
2024-12-24 07:32:36.756756756,Sheikh Zayed,Duplex,168,28.12,2054,38547,7828474,278381
2024-12-25 03:16:02.162162164,Alexandria,Chalet,383,29.37,2101,33538,17570452,598268
2024-12-25 22:59:27.567567568,North Coast,Chalet,99,29.02,2182,35252,8221564,283301
2024-12-26 18:42:52.972972972,Ain Sokhna,Penthouse,307,31.97,2055,34281,17548253,548973
2024-12-27 14:26:18.378378380,Heliopolis,Apartment,372,29.03,2020,40467,10137598,349268
2024-12-28 10:09:43.783783784,Ain Sokhna,Penthouse,376,28.73,2149,34349,25377017,883183
2024-12-29 05:53:09.189189188,Nasr City,Duplex,391,31.02,1827,37665,13398644,431948
2024-12-30 01:36:34.594594596,Haram,Villa,89,30.69,2179,31075,2054837,66946
2024-12-30 21:20:00.000000000,Alexandria,Chalet,106,29.1,2213,41955,5690342,195519
2024-12-31 17:03:25.405405404,Ain Sokhna,Villa,261,31.47,1737,35532,12688640,403219
2025-01-01 12:46:50.810810812,Haram,Apartment,332,37.62,2818,46881,6231389,165652
2025-01-02 08:30:16.216216216,New Cairo,Apartment,110,41.21,2791,42267,5519285,133946
2025-01-03 04:13:41.621621624,North Coast,Chalet,257,40.35,2774,45663,24289223,602036
2025-01-03 23:57:07.027027028,Sheikh Zayed,Chalet,228,40.63,2616,38599,16186988,398376
2025-01-04 19:40:32.432432432,Nasr City,Duplex,304,40.66,2816,44831,11469286,282083
2025-01-05 15:23:57.837837840,New Cairo,Apartment,330,42.51,2334,43576,14515601,341449
2025-01-06 11:07:23.243243244,Sheikh Zayed,Apartment,398,39.4,2744,44944,14817486,376066
2025-01-07 06:50:48.648648648,Ain Sokhna,Duplex,275,41.87,2833,45300,23713309,566330
2025-01-08 02:34:14.054054056,New Cairo,Apartment,227,40.01,2600,45795,13740337,343417
2025-01-08 22:17:39.459459460,6th of October,Chalet,263,40.63,2763,41788,20799250,511900
2025-01-09 18:01:04.864864864,Nasr City,Duplex,487,41.04,2641,47239,30594545,745477
2025-01-10 13:44:30.270270272,North Coast,Chalet,173,40.93,2710,40440,15604335,381286
2025-01-11 09:27:55.675675676,Heliopolis,Chalet,448,41.87,2472,47870,34612678,826577
2025-01-12 05:11:21.081081080,Heliopolis,Chalet,92,38.7,2619,36170,3924875,101424
2025-01-13 00:54:46.486486488,Maadi,Penthouse,438,39.77,2617,43640,32011093,804983
2025-01-13 20:38:11.891891892,Ain Sokhna,Chalet,187,40.75,2637,44041,18450353,452739
2025-01-14 16:21:37.297297296,North Coast,Villa,378,40.52,2692,43131,52098020,1285872
2025-01-15 12:05:02.702702704,Sheikh Zayed,Villa,384,38.86,2706,44514,52348742,1347033
2025-01-16 07:48:28.108108108,Nasr City,Apartment,492,38.34,2450,39685,14745726,384628
2025-01-17 03:31:53.513513512,Sheikh Zayed,Duplex,339,39.01,2731,43277,29696552,761336
2025-01-17 23:15:18.918918920,Maadi,Duplex,100,40.3,2578,48994,4923815,122191
2025-01-18 18:58:44.324324324,Maadi,Chalet,193,41.87,2821,38406,24818644,592731
2025-01-19 14:42:09.729729732,Maadi,Apartment,159,43.23,2553,37221,6636394,153502
2025-01-20 10:25:35.135135136,New Cairo,Apartment,360,42.15,2470,45057,16322665,387293
2025-01-21 06:09:00.540540540,6th of October,Apartment,197,41.69,2649,45258,8188539,196431
2025-01-22 01:52:25.945945948,Maadi,Apartment,389,38.47,2696,42302,12600130,327527
2025-01-22 21:35:51.351351352,Nasr City,Chalet,400,39.8,2823,41252,28460123,715028
2025-01-23 17:19:16.756756756,Haram,Chalet,307,37.59,2739,36902,17315010,460626
2025-01-24 13:02:42.162162164,Haram,Villa,271,40.88,2530,39107,13564005,331794
2025-01-25 08:46:07.567567568,Haram,Apartment,390,37.18,2442,48099,5591809,150382
2025-01-26 04:29:32.972972972,Haram,Villa,97,39.8,2338,46666,6645345,166972
2025-01-27 00:12:58.378378380,Haram,Apartment,435,38.96,2640,48879,13258495,340302
2025-01-27 19:56:23.783783784,Maadi,Chalet,404,41.28,2641,46997,31515192,763447
2025-01-28 15:39:49.189189188,Maadi,Villa,227,39.64,2998,39933,24740994,624073
2025-01-29 11:23:14.594594596,Sheikh Zayed,Villa,122,39.28,2433,40238,14089886,358690
2025-01-30 07:06:40.000000000,Nasr City,Duplex,266,40.01,2846,38973,17926810,448101
2025-01-31 02:50:05.405405404,Sheikh Zayed,Apartment,444,42.23,2712,46235,12464981,295157
2025-01-31 22:33:30.810810812,Nasr City,Penthouse,188,40.82,2537,39698,15353949,376140
2025-02-01 18:16:56.216216216,Haram,Apartment,336,39.59,2723,43442,6298939,159093
2025-02-02 14:00:21.621621624,Ain Sokhna,Penthouse,95,40.19,2492,48796,12810954,318771
2025-02-03 09:43:47.027027028,Ain Sokhna,Apartment,428,39.66,2572,43700,11950457,301358
2025-02-04 05:27:12.432432432,Alexandria,Penthouse,485,44.48,2651,46211,43141461,969953
2025-02-05 01:10:37.837837840,6th of October,Apartment,442,38.35,2753,39048,21055750,549106
2025-02-05 20:54:03.243243244,Nasr City,Penthouse,460,40.8,2792,44642,37372315,915939
2025-02-06 16:37:28.648648648,Maadi,Duplex,77,40.56,2424,39046,4870231,120070
2025-02-07 12:20:54.054054056,6th of October,Villa,197,37.33,2867,50335,25085050,672054
2025-02-08 08:04:19.459459460,Alexandria,Villa,87,38.65,2623,39738,9340243,241646
2025-02-09 03:47:44.864864864,North Coast,Chalet,196,38.65,2462,35480,11213615,290122
2025-02-09 23:31:10.270270272,6th of October,Villa,483,38.7,2780,32457,44757150,1156588
2025-02-10 19:14:35.675675676,New Cairo,Villa,152,40.01,2547,43342,15030554,375716
2025-02-11 14:58:01.081081080,Heliopolis,Penthouse,472,40.53,2693,38930,57109630,1409003
2025-02-12 10:41:26.486486488,6th of October,Villa,364,40.05,2854,44280,39309232,981538
2025-02-13 06:24:51.891891892,6th of October,Penthouse,176,41.09,2558,44399,16131440,392597
2025-02-14 02:08:17.297297296,North Coast,Apartment,152,40.87,2754,44353,11255913,275437
2025-02-14 21:51:42.702702704,6th of October,Apartment,258,38.02,2669,39799,7737384,203502
2025-02-15 17:35:08.108108108,Alexandria,Villa,494,39.9,2565,40307,32161514,805957
2025-02-16 13:18:33.513513512,Maadi,Duplex,298,40.74,2706,43766,18114331,444586
2025-02-17 09:01:58.918918920,Sheikh Zayed,Villa,392,39.16,2655,48384,38421843,981140
2025-02-18 04:45:24.324324324,Haram,Penthouse,382,39.05,2521,40502,24591346,629789
2025-02-19 00:28:49.729729732,Nasr City,Chalet,119,39.72,2834,48099,9756271,245606
2025-02-19 20:12:15.135135136,Sheikh Zayed,Apartment,452,40.4,2926,48586,25449919,629904
2025-02-20 15:55:40.540540540,Ain Sokhna,Villa,268,40.62,2579,49025,24197423,595673
2025-02-21 11:39:05.945945944,Alexandria,Duplex,449,40.53,2732,45165,28639113,706545
2025-02-22 07:22:31.351351352,Haram,Penthouse,304,42.16,2545,44591,20343047,482490
2025-02-23 03:05:56.756756760,Maadi,Chalet,372,38.86,2596,46402,36677870,943776
2025-02-23 22:49:22.162162160,New Cairo,Villa,61,39.76,2675,38673,6007047,151064
2025-02-24 18:32:47.567567568,Sheikh Zayed,Apartment,443,42.45,3062,48279,21891773,515755
2025-02-25 14:16:12.972972976,New Cairo,Penthouse,215,41.09,2435,41824,12523301,304771
2025-02-26 09:59:38.378378376,Nasr City,Villa,496,40.83,2793,40212,48115967,1178491
2025-02-27 05:43:03.783783784,Haram,Penthouse,399,40.87,2548,35149,24634950,602718
2025-02-28 01:26:29.189189192,Heliopolis,Penthouse,464,41.47,2753,41578,25469910,614174
2025-02-28 21:09:54.594594592,North Coast,Penthouse,163,42.13,2599,44100,14895580,353555
2025-03-01 16:53:20.000000000,New Cairo,Penthouse,315,40.9,2856,42947,46717771,1142140
2025-03-02 12:36:45.405405408,New Cairo,Chalet,246,39.71,2655,47397,30157911,759373
2025-03-03 08:20:10.810810808,Heliopolis,Chalet,145,42.0,2794,47285,10963561,261022
2025-03-04 04:03:36.216216216,Heliopolis,Penthouse,197,43.03,2600,42323,16586909,385472
2025-03-04 23:47:01.621621624,6th of October,Chalet,133,40.35,2539,47218,5698346,141220
2025-03-05 19:30:27.027027024,Sheikh Zayed,Duplex,256,40.3,2623,51880,15998637,397004
2025-03-06 15:13:52.432432432,Sheikh Zayed,Duplex,305,40.94,2832,40630,29951850,731634
2025-03-07 10:57:17.837837840,Sheikh Zayed,Chalet,114,40.19,2730,45609,7763645,193196
2025-03-08 06:40:43.243243240,Alexandria,Chalet,404,38.03,2830,44616,28573462,751291
2025-03-09 02:24:08.648648648,New Cairo,Duplex,465,38.47,2998,40876,48919084,1271714
2025-03-09 22:07:34.054054056,Sheikh Zayed,Duplex,493,40.78,2899,46386,23649757,579869
2025-03-10 17:50:59.459459456,Nasr City,Chalet,215,40.75,2320,41813,8960498,219891
2025-03-11 13:34:24.864864864,Sheikh Zayed,Penthouse,492,40.58,2669,50021,44128304,1087453
2025-03-12 09:17:50.270270272,Maadi,Duplex,67,42.36,2730,45953,4830925,114045
2025-03-13 05:01:15.675675680,Ain Sokhna,Penthouse,298,38.48,2923,43991,44861729,1165831
2025-03-14 00:44:41.081081080,Nasr City,Penthouse,293,40.29,2829,49430,22139718,549508
2025-03-14 20:28:06.486486488,Heliopolis,Duplex,439,40.51,2746,40334,20808433,513603
2025-03-15 16:11:31.891891896,Haram,Villa,310,39.73,2440,42076,24632142,619934
2025-03-16 11:54:57.297297296,Heliopolis,Duplex,446,39.38,2627,37972,27068754,687322
2025-03-17 07:38:22.702702704,Haram,Duplex,108,40.88,2496,38987,3473911,84981
2025-03-18 03:21:48.108108112,Heliopolis,Villa,145,40.3,2743,41044,19932062,494605
2025-03-18 23:05:13.513513512,Ain Sokhna,Chalet,361,39.58,2646,44204,46650218,1178561
2025-03-19 18:48:38.918918920,Haram,Chalet,487,39.86,2433,42677,25765402,646449
2025-03-20 14:32:04.324324328,Haram,Apartment,498,38.75,2682,40457,7590938,195893
2025-03-21 10:15:29.729729728,Maadi,Penthouse,148,42.75,2822,44928,18153799,424661
2025-03-22 05:58:55.135135136,Ain Sokhna,Penthouse,396,40.55,2702,41591,26630178,656674
2025-03-23 01:42:20.540540544,Alexandria,Duplex,487,41.64,2893,43821,37833848,908679
2025-03-23 21:25:45.945945944,Ain Sokhna,Duplex,246,39.61,2626,44379,12681135,320177
2025-03-24 17:09:11.351351352,New Cairo,Apartment,288,42.59,2711,47390,11888453,279113
2025-03-25 12:52:36.756756760,Nasr City,Duplex,98,40.06,2714,43682,3831311,95645
2025-03-26 08:36:02.162162160,Maadi,Duplex,112,38.64,2592,44767,7897320,204397
2025-03-27 04:19:27.567567568,Maadi,Apartment,65,39.35,2882,40947,2485419,63154
2025-03-28 00:02:52.972972976,New Cairo,Chalet,346,37.22,2825,43541,24370036,654729
2025-03-28 19:46:18.378378376,Maadi,Duplex,72,37.5,2902,49645,5363531,143037
2025-03-29 15:29:43.783783784,Nasr City,Duplex,264,38.85,2568,37472,9372499,241255
2025-03-30 11:13:09.189189192,North Coast,Villa,278,40.37,2601,40068,48516750,1201657
2025-03-31 06:56:34.594594592,Ain Sokhna,Penthouse,215,39.09,2768,32009,26258157,671741
2025-04-01 02:40:00.000000000,Ain Sokhna,Penthouse,155,39.25,2919,39511,22806185,581043
2025-04-01 22:23:25.405405408,Heliopolis,Penthouse,171,40.21,2380,46072,9882047,245749
2025-04-02 18:06:50.810810808,Heliopolis,Duplex,473,40.32,2387,49898,18218268,451807
2025-04-03 13:50:16.216216216,New Cairo,Duplex,286,38.83,2803,41286,16354272,421133
2025-04-04 09:33:41.621621624,Alexandria,Apartment,451,36.93,2577,40814,15916521,430996
2025-04-05 05:17:07.027027024,North Coast,Villa,249,40.15,2603,38373,42825186,1066664
2025-04-06 01:00:32.432432432,Heliopolis,Penthouse,483,40.91,2673,45674,59392914,1451836
2025-04-06 20:43:57.837837840,Heliopolis,Penthouse,251,38.75,2679,40539,21400145,552275
2025-04-07 16:27:23.243243240,New Cairo,Penthouse,174,37.54,2881,49811,20117267,535915
2025-04-08 12:10:48.648648648,6th of October,Duplex,97,38.67,2843,46504,3888019,100553
2025-04-09 07:54:14.054054056,6th of October,Villa,311,42.21,2609,42081,25773433,610614
2025-04-10 03:37:39.459459456,New Cairo,Villa,269,40.03,2734,37446,35556419,888272
2025-04-10 23:21:04.864864864,Alexandria,Duplex,346,39.67,2712,31035,12241791,308558
2025-04-11 19:04:30.270270272,North Coast,Villa,132,41.24,2822,46460,23326422,565665
2025-04-12 14:47:55.675675680,6th of October,Villa,342,40.25,2795,38530,31899832,792542
2025-04-13 10:31:21.081081080,Ain Sokhna,Villa,399,38.79,2851,40486,57719901,1487948
2025-04-14 06:14:46.486486488,Alexandria,Villa,217,39.52,2721,45465,16982376,429743
2025-04-15 01:58:11.891891896,Nasr City,Penthouse,431,39.91,2422,46121,31116951,779756
2025-04-15 21:41:37.297297296,Alexandria,Penthouse,436,37.56,2459,38137,28852876,768123
2025-04-16 17:25:02.702702704,Ain Sokhna,Duplex,150,42.86,2821,42133,11052987,257861
2025-04-17 13:08:28.108108112,Nasr City,Apartment,259,41.29,2770,45025,6002014,145366
2025-04-18 08:51:53.513513512,Haram,Penthouse,240,38.46,2685,43595,13590984,353399
2025-04-19 04:35:18.918918920,North Coast,Duplex,366,38.98,2763,51323,29310436,751919
2025-04-20 00:18:44.324324328,Ain Sokhna,Villa,264,37.38,2787,42736,42792055,1144677
2025-04-20 20:02:09.729729728,Ain Sokhna,Duplex,404,40.68,2637,50550,26818985,659332
2025-04-21 15:45:35.135135136,Heliopolis,Apartment,380,40.62,2580,44092,12191231,300099
2025-04-22 11:29:00.540540544,Maadi,Chalet,267,40.66,2873,40925,21249335,522548
2025-04-23 07:12:25.945945944,Maadi,Villa,200,39.9,2572,47935,19895785,498671
2025-04-24 02:55:51.351351352,North Coast,Penthouse,202,39.9,2638,47615,29580243,741303
2025-04-24 22:39:16.756756760,Heliopolis,Chalet,119,40.5,2993,42892,14002385,345702
2025-04-25 18:22:42.162162160,Maadi,Chalet,301,39.23,2708,44787,21784118,555303
2025-04-26 14:06:07.567567568,Ain Sokhna,Duplex,434,42.33,2710,43304,25879887,611450
2025-04-27 09:49:32.972972976,6th of October,Duplex,159,39.73,2761,43674,11661052,293505
2025-04-28 05:32:58.378378376,North Coast,Penthouse,440,37.94,2593,41845,64788143,1707535
2025-04-29 01:16:23.783783784,Maadi,Villa,187,38.82,2616,43817,15324981,394725
2025-04-29 20:59:49.189189192,North Coast,Chalet,267,38.2,2656,43612,17622055,461307
2025-04-30 16:43:14.594594592,North Coast,Chalet,218,41.53,2733,45770,33948790,817506
2025-05-01 12:26:40.000000000,6th of October,Villa,289,42.98,2752,49505,24571649,571636
2025-05-02 08:10:05.405405408,Ain Sokhna,Penthouse,409,39.25,2880,43561,33257361,847406
2025-05-03 03:53:30.810810808,Nasr City,Penthouse,466,35.73,2703,44222,24603810,688511
2025-05-03 23:36:56.216216216,Heliopolis,Villa,271,37.58,2750,41998,35516962,945077
2025-05-04 19:20:21.621621624,6th of October,Villa,198,41.5,2862,38521,23153435,557865
2025-05-05 15:03:47.027027024,Heliopolis,Chalet,81,38.89,2653,39124,4605312,118414
2025-05-06 10:47:12.432432432,Haram,Chalet,452,42.47,2860,40081,29708783,699454
2025-05-07 06:30:37.837837840,Ain Sokhna,Villa,142,40.54,2670,46796,12992882,320478
2025-05-08 02:14:03.243243240,Ain Sokhna,Apartment,471,40.28,2541,48562,17161885,426062
2025-05-08 21:57:28.648648648,Alexandria,Villa,153,39.59,2857,49621,14630892,369516
2025-05-09 17:40:54.054054056,Haram,Chalet,70,38.38,2565,39107,3757474,97896
2025-05-10 13:24:19.459459456,Maadi,Chalet,390,38.55,2676,42896,43802174,1136112
2025-05-11 09:07:44.864864864,Heliopolis,Chalet,405,38.35,2578,39116,27801799,724922
2025-05-12 04:51:10.270270272,Sheikh Zayed,Villa,374,42.12,3064,48201,32890758,780906
2025-05-13 00:34:35.675675680,Ain Sokhna,Duplex,71,38.26,2653,40200,3537871,92476
2025-05-13 20:18:01.081081080,Heliopolis,Penthouse,149,38.4,2683,39413,15034068,391524
2025-05-14 16:01:26.486486488,Heliopolis,Villa,130,39.98,2601,35271,16970188,424428
2025-05-15 11:44:51.891891896,Nasr City,Chalet,165,38.99,2599,39169,10103968,259163
2025-05-16 07:28:17.297297296,Nasr City,Penthouse,207,38.75,2891,39041,15065199,388819
2025-05-17 03:11:42.702702704,Maadi,Duplex,89,39.63,2935,39561,8568664,216194
2025-05-17 22:55:08.108108112,Maadi,Penthouse,415,38.5,2587,37132,34967602,908327
2025-05-18 18:38:33.513513512,Alexandria,Duplex,68,39.25,2556,43441,4537676,115615
2025-05-19 14:21:58.918918920,Nasr City,Chalet,224,40.37,2257,47963,14269538,353478
2025-05-20 10:05:24.324324328,6th of October,Penthouse,347,38.95,2502,50066,14718673,377926
2025-05-21 05:48:49.729729728,Sheikh Zayed,Duplex,332,43.34,2701,42773,17377644,400969
2025-05-22 01:32:15.135135136,Ain Sokhna,Penthouse,63,39.43,2783,52717,7799438,197825
2025-05-22 21:15:40.540540544,New Cairo,Apartment,407,40.83,2533,45647,20573003,503883
2025-05-23 16:59:05.945945944,6th of October,Villa,355,40.96,2802,42778,32790012,800600
2025-05-24 12:42:31.351351352,North Coast,Apartment,433,40.43,2551,39612,21727904,537478
2025-05-25 08:25:56.756756760,Alexandria,Villa,71,41.87,2637,34896,8424322,201180
2025-05-26 04:09:22.162162160,Haram,Apartment,285,39.91,2884,45757,10171599,254883
2025-05-26 23:52:47.567567568,Maadi,Chalet,445,41.66,2732,43308,41675993,1000384
2025-05-27 19:36:12.972972976,Heliopolis,Duplex,399,40.02,3130,36325,26585024,664314
2025-05-28 15:19:38.378378376,Haram,Duplex,209,41.59,2766,40067,9341777,224626
2025-05-29 11:03:03.783783784,Nasr City,Apartment,155,41.77,2874,42537,6028873,144323
2025-05-30 06:46:29.189189192,Heliopolis,Duplex,208,40.38,2881,49939,9952612,246480
2025-05-31 02:29:54.594594592,Maadi,Duplex,459,39.87,2221,45730,26022473,652602
2025-05-31 22:13:20.000000000,North Coast,Chalet,265,39.53,2562,48421,38241760,967459
2025-06-01 17:56:45.405405408,Maadi,Penthouse,310,42.0,2733,49234,27275085,649433
2025-06-02 13:40:10.810810808,Alexandria,Apartment,271,38.37,2580,42264,6212032,161900
2025-06-03 09:23:36.216216216,6th of October,Duplex,105,37.06,2640,35050,7833938,211408
2025-06-04 05:07:01.621621624,Nasr City,Penthouse,171,39.61,2750,39248,14992101,378456
2025-06-05 00:50:27.027027024,Nasr City,Penthouse,335,40.8,2754,50044,24031294,589031
2025-06-05 20:33:52.432432432,Alexandria,Duplex,111,40.0,2916,42845,5868744,146720
2025-06-06 16:17:17.837837840,6th of October,Duplex,259,43.83,2603,39586,13634431,311060
2025-06-07 12:00:43.243243240,Ain Sokhna,Chalet,327,40.13,2587,42820,20782079,517895
2025-06-08 07:44:08.648648648,Haram,Villa,470,40.06,2813,40304,21666968,540850
2025-06-09 03:27:34.054054056,Maadi,Apartment,485,37.71,2534,43542,12708520,336988
2025-06-09 23:10:59.459459456,North Coast,Chalet,418,37.95,2677,45011,48441132,1276403
2025-06-10 18:54:24.864864864,6th of October,Penthouse,480,42.69,2546,47920,53589683,1255188
2025-06-11 14:37:50.270270272,New Cairo,Villa,70,41.23,2383,40383,4470109,108426
2025-06-12 10:21:15.675675680,Alexandria,Villa,468,41.56,2672,41022,52045040,1252180
2025-06-13 06:04:41.081081080,6th of October,Duplex,332,40.46,2695,39756,22214091,549009
2025-06-14 01:48:06.486486488,Maadi,Apartment,66,43.33,2760,43524,2011071,46415
2025-06-14 21:31:31.891891896,Haram,Villa,450,38.5,2709,41392,26176112,679814
2025-06-15 17:14:57.297297296,Heliopolis,Duplex,477,41.1,2716,41328,35171071,855836
2025-06-16 12:58:22.702702704,Haram,Duplex,60,39.82,2638,39577,2715510,68198
2025-06-17 08:41:48.108108112,Alexandria,Villa,215,38.46,2584,41238,18964986,493133
2025-06-18 04:25:13.513513512,Nasr City,Penthouse,76,37.01,2739,44105,5232403,141366
2025-06-19 00:08:38.918918920,Maadi,Chalet,125,34.99,2864,44734,6071014,173503
2025-06-19 19:52:04.324324328,Ain Sokhna,Penthouse,316,38.53,2457,48075,32090120,832961
2025-06-20 15:35:29.729729728,Heliopolis,Villa,154,40.65,2779,48125,12680965,311939
2025-06-21 11:18:55.135135136,Alexandria,Penthouse,391,39.12,2826,42300,28172769,720252
2025-06-22 07:02:20.540540544,Ain Sokhna,Penthouse,231,38.4,2719,40641,28415354,740076
2025-06-23 02:45:45.945945944,Sheikh Zayed,Duplex,481,39.56,2482,44303,29757062,752202
2025-06-23 22:29:11.351351352,North Coast,Villa,231,41.81,2691,45934,33894122,810621
2025-06-24 18:12:36.756756760,Alexandria,Penthouse,114,40.84,2641,41808,11618140,284454
2025-06-25 13:56:02.162162160,Ain Sokhna,Apartment,324,38.23,2774,45253,11808390,308837
2025-06-26 09:39:27.567567568,Haram,Chalet,354,42.15,2483,39563,19150472,454348
2025-06-27 05:22:52.972972976,Maadi,Duplex,170,41.22,2648,45300,14372574,348676
2025-06-28 01:06:18.378378376,Nasr City,Duplex,238,42.54,2984,43626,14626538,343801
2025-06-28 20:49:43.783783784,Heliopolis,Apartment,386,41.54,2726,37653,19013835,457775
2025-06-29 16:33:09.189189192,New Cairo,Villa,267,39.27,2823,36449,23553252,599807
2025-06-30 12:16:34.594594592,Ain Sokhna,Chalet,193,40.18,2747,43524,17688590,440240
2025-07-01 08:00:00.000000000,Sheikh Zayed,Chalet,378,41.73,2907,41791,49895408,1195661
2025-07-02 03:43:25.405405408,New Cairo,Duplex,361,36.1,2707,44963,22447993,621909
2025-07-02 23:26:50.810810808,Ain Sokhna,Penthouse,328,38.11,2776,39261,28702194,753182
2025-07-03 19:10:16.216216216,Sheikh Zayed,Apartment,498,40.32,2775,41606,30176216,748470
2025-07-04 14:53:41.621621624,North Coast,Apartment,252,40.48,2690,45000,17445919,430928
2025-07-05 10:37:07.027027024,Ain Sokhna,Duplex,407,39.2,2584,48587,22313349,569223
2025-07-06 06:20:32.432432432,Nasr City,Penthouse,185,40.24,2645,41999,9243598,229714
2025-07-07 02:03:57.837837840,Maadi,Penthouse,185,38.4,2723,43024,16674315,434282
2025-07-07 21:47:23.243243240,6th of October,Duplex,232,39.13,2523,42208,11130575,284470
2025-07-08 17:30:48.648648648,Sheikh Zayed,Apartment,464,43.1,3085,37567,21455679,497790
2025-07-09 13:14:14.054054056,Sheikh Zayed,Chalet,362,39.93,2675,44323,22612190,566346
2025-07-10 08:57:39.459459464,Alexandria,Penthouse,168,42.18,2505,41503,16856716,399670
2025-07-11 04:41:04.864864864,New Cairo,Duplex,160,38.61,2785,39757,15117192,391561
2025-07-12 00:24:30.270270272,Alexandria,Penthouse,97,37.4,2659,40554,5042795,134849
2025-07-12 20:07:55.675675680,North Coast,Chalet,432,38.66,2690,46410,48045771,1242675
2025-07-13 15:51:21.081081080,North Coast,Penthouse,94,43.18,2694,43199,9203512,213138
2025-07-14 11:34:46.486486488,New Cairo,Duplex,185,41.4,2727,48012,12318313,297512
2025-07-15 07:18:11.891891896,Alexandria,Chalet,388,40.59,2509,44147,31882624,785528
2025-07-16 03:01:37.297297296,North Coast,Villa,93,43.02,2494,40244,13320158,309643
2025-07-16 22:45:02.702702704,Ain Sokhna,Villa,69,40.21,2476,43376,6839642,170080
2025-07-17 18:28:28.108108112,North Coast,Duplex,440,42.01,2877,42570,27759003,660843
2025-07-18 14:11:53.513513512,Sheikh Zayed,Villa,152,41.5,2553,47028,9128470,219967
2025-07-19 09:55:18.918918920,Alexandria,Penthouse,326,39.29,2645,43000,18393758,468163
2025-07-20 05:38:44.324324328,Heliopolis,Villa,132,41.73,2583,47327,7942952,190360
2025-07-21 01:22:09.729729728,Ain Sokhna,Penthouse,210,37.69,2490,41220,26416744,700904
2025-07-21 21:05:35.135135136,Sheikh Zayed,Apartment,72,38.64,2988,38808,4290904,111034
2025-07-22 16:49:00.540540544,Maadi,Chalet,245,39.44,2632,47139,24216661,614047
2025-07-23 12:32:25.945945944,6th of October,Apartment,383,37.87,2605,47204,12550272,331406
2025-07-24 08:15:51.351351352,New Cairo,Chalet,417,39.71,2708,43617,33753099,849887
2025-07-25 03:59:16.756756760,North Coast,Chalet,131,40.17,2727,39964,15055933,374847
2025-07-25 23:42:42.162162160,Haram,Apartment,250,38.95,2832,41282,4328094,111122
2025-07-26 19:26:07.567567568,New Cairo,Chalet,85,41.32,2579,38760,8940275,216342
2025-07-27 15:09:32.972972976,6th of October,Chalet,225,39.98,2680,43998,11382324,284711
2025-07-28 10:52:58.378378376,North Coast,Chalet,335,39.15,2842,40182,46804586,1195589
2025-07-29 06:36:23.783783784,New Cairo,Penthouse,250,40.35,2601,48896,23676856,586850
2025-07-30 02:19:49.189189192,North Coast,Chalet,60,42.0,2878,42665,6415932,152769
2025-07-30 22:03:14.594594592,Ain Sokhna,Apartment,182,40.27,2884,45412,9055953,224891
2025-07-31 17:46:40.000000000,New Cairo,Chalet,491,38.72,2756,44511,26197342,676510
2025-08-01 13:30:05.405405408,6th of October,Duplex,329,41.83,2858,46488,28489258,681116
2025-08-02 09:13:30.810810808,Ain Sokhna,Villa,109,39.53,2538,38190,9411173,238092
2025-08-03 04:56:56.216216216,Maadi,Chalet,330,39.42,2778,46853,25424224,644897
2025-08-04 00:40:21.621621624,Alexandria,Villa,411,42.18,2686,43523,41302449,979294
2025-08-04 20:23:47.027027024,Alexandria,Penthouse,157,39.79,2511,40315,14377073,361346
2025-08-05 16:07:12.432432432,Nasr City,Penthouse,304,39.81,2764,46512,24464499,614591
2025-08-06 11:50:37.837837840,New Cairo,Villa,189,40.3,2781,39641,21847276,542069
2025-08-07 07:34:03.243243240,Heliopolis,Duplex,75,41.65,2867,35219,6328179,151949
2025-08-08 03:17:28.648648648,Heliopolis,Villa,244,40.19,2558,35743,17153888,426783
2025-08-08 23:00:54.054054056,Ain Sokhna,Penthouse,481,40.16,2789,44472,65714359,1636250
2025-08-09 18:44:19.459459464,New Cairo,Apartment,60,40.05,2543,38066,1722476,43007
2025-08-10 14:27:44.864864864,New Cairo,Duplex,165,37.77,2684,41184,8378385,221852
2025-08-11 10:11:10.270270272,New Cairo,Penthouse,230,40.16,3006,44109,25070406,624338
2025-08-12 05:54:35.675675680,Sheikh Zayed,Villa,322,39.97,2578,46293,19060482,476910
2025-08-13 01:38:01.081081080,Nasr City,Apartment,111,39.38,2797,47555,2435698,61856
2025-08-13 21:21:26.486486488,Haram,Chalet,243,40.17,2621,47119,11591451,288595
2025-08-14 17:04:51.891891896,Maadi,Apartment,241,38.83,2586,35915,10769502,277371
2025-08-15 12:48:17.297297296,Maadi,Chalet,271,40.71,2791,46177,17865128,438867
2025-08-16 08:31:42.702702704,Sheikh Zayed,Apartment,90,41.9,2553,46635,3998312,95418
2025-08-17 04:15:08.108108112,Maadi,Chalet,115,40.69,2555,38213,11180461,274777
2025-08-17 23:58:33.513513512,6th of October,Villa,440,42.56,2674,42268,49570499,1164590
2025-08-18 19:41:58.918918920,North Coast,Villa,395,38.35,2648,43006,70083794,1827643
2025-08-19 15:25:24.324324328,Ain Sokhna,Duplex,240,38.51,2547,37445,18699106,485565
2025-08-20 11:08:49.729729728,6th of October,Villa,69,37.6,2664,37554,7448594,198103
2025-08-21 06:52:15.135135136,Maadi,Apartment,399,38.81,2750,48256,10544354,271681
2025-08-22 02:35:40.540540544,New Cairo,Villa,450,39.34,2835,47240,59417145,1510441
2025-08-22 22:19:05.945945944,Alexandria,Penthouse,376,41.94,2702,52520,23981804,571818
2025-08-23 18:02:31.351351352,Haram,Chalet,138,40.24,2915,48535,5695956,141543
2025-08-24 13:45:56.756756760,Ain Sokhna,Chalet,373,41.77,2772,42189,37725257,903104
2025-08-25 09:29:22.162162160,Nasr City,Villa,130,39.21,2780,46697,9918461,252973
2025-08-26 05:12:47.567567568,New Cairo,Apartment,133,40.11,2732,45886,6961240,173560
2025-08-27 00:56:12.972972976,Alexandria,Chalet,343,40.16,2677,37267,20054165,499344
2025-08-27 20:39:38.378378376,Haram,Villa,186,41.94,2533,41537,15855473,378014
2025-08-28 16:23:03.783783784,Heliopolis,Apartment,488,39.77,2485,43887,15426826,387871
2025-08-29 12:06:29.189189192,New Cairo,Penthouse,372,39.99,2667,41512,30759438,769189
2025-08-30 07:49:54.594594592,Sheikh Zayed,Villa,262,38.91,2649,36784,16752191,430566
2025-08-31 03:33:20.000000000,North Coast,Villa,424,40.55,2791,46226,42200914,1040621
2025-08-31 23:16:45.405405408,Alexandria,Apartment,216,37.58,2757,42456,6501227,172984
2025-09-01 19:00:10.810810808,North Coast,Chalet,167,37.7,2670,44206,20590410,546150
2025-09-02 14:43:36.216216216,Haram,Duplex,492,40.26,2613,31400,24912685,618744
2025-09-03 10:27:01.621621624,6th of October,Apartment,476,37.31,2600,46462,17868917,478981
2025-09-04 06:10:27.027027024,6th of October,Duplex,415,40.99,2723,45285,18228721,444750
2025-09-05 01:53:52.432432432,Nasr City,Penthouse,369,39.17,2680,49676,30750999,785148
2025-09-05 21:37:17.837837840,North Coast,Penthouse,407,38.59,2641,52406,61863119,1603246
2025-09-06 17:20:43.243243240,Alexandria,Chalet,213,39.02,2560,42533,12507109,320543
2025-09-07 13:04:08.648648648,6th of October,Duplex,127,42.5,2567,32646,8816984,207472
2025-09-08 08:47:34.054054056,Haram,Duplex,476,38.48,2827,38856,19968020,518929
2025-09-09 04:30:59.459459464,Nasr City,Villa,293,39.78,2844,44849,22028769,553762
2025-09-10 00:14:24.864864864,Sheikh Zayed,Duplex,335,41.01,2929,46550,27796035,677831
2025-09-10 19:57:50.270270272,6th of October,Villa,103,41.14,2614,43786,8587592,208734
2025-09-11 15:41:15.675675680,Nasr City,Villa,71,40.54,2862,38908,5126990,126459
2025-09-12 11:24:41.081081080,6th of October,Duplex,214,39.13,2906,38612,7713276,197104
2025-09-13 07:08:06.486486488,6th of October,Villa,128,40.47,2975,38329,11272463,278526
2025-09-14 02:51:31.891891896,North Coast,Penthouse,436,40.78,2867,43745,35411720,868342
2025-09-14 22:34:57.297297296,6th of October,Villa,199,41.97,2719,43516,25837236,615590
2025-09-15 18:18:22.702702704,6th of October,Apartment,327,39.74,2854,47047,13091401,329463
2025-09-16 14:01:48.108108112,Nasr City,Villa,256,38.75,2787,42386,25516678,658519
2025-09-17 09:45:13.513513512,Alexandria,Villa,67,36.91,2596,41330,3127018,84719
2025-09-18 05:28:38.918918920,Haram,Penthouse,271,41.25,2589,43566,17139753,415465
2025-09-19 01:12:04.324324328,Maadi,Villa,401,36.37,2403,46004,43634994,1199903
2025-09-19 20:55:29.729729728,Nasr City,Apartment,188,41.15,2776,41352,5891658,143181
2025-09-20 16:38:55.135135136,Ain Sokhna,Villa,449,41.22,2946,44442,69953705,1697203
2025-09-21 12:22:20.540540544,6th of October,Villa,179,40.03,2770,37532,11836612,295715
2025-09-22 08:05:45.945945944,New Cairo,Chalet,77,40.89,2626,45533,4997404,122219
2025-09-23 03:49:11.351351352,Haram,Apartment,239,40.25,2693,48793,5907733,146787
2025-09-23 23:32:36.756756760,Nasr City,Penthouse,346,39.75,2688,40683,22964961,577751
2025-09-24 19:16:02.162162160,Sheikh Zayed,Apartment,288,39.91,2617,49738,14935948,374256
2025-09-25 14:59:27.567567568,North Coast,Penthouse,89,42.77,2582,41960,12707559,297142
2025-09-26 10:42:52.972972976,New Cairo,Chalet,253,42.4,2820,46448,22519202,531140
2025-09-27 06:26:18.378378376,6th of October,Villa,338,37.88,2587,40874,34776569,918177
2025-09-28 02:09:43.783783784,North Coast,Villa,368,38.15,2726,42269,45852981,1202031
2025-09-28 21:53:09.189189192,Haram,Chalet,245,39.35,2558,43138,14955770,380112
2025-09-29 17:36:34.594594592,Sheikh Zayed,Penthouse,317,39.38,2841,41150,36310529,922100
2025-09-30 13:20:00.000000000,Heliopolis,Chalet,389,40.62,2553,46744,18177830,447540
2025-10-01 09:03:25.405405408,Haram,Duplex,475,41.36,2480,41468,17724258,428487
2025-10-02 04:46:50.810810808,Haram,Penthouse,480,38.44,2698,43504,23584482,613546
2025-10-03 00:30:16.216216216,New Cairo,Chalet,483,40.6,2765,36950,44818104,1103957
2025-10-03 20:13:41.621621624,Alexandria,Duplex,384,38.65,2669,46041,26082120,674812
2025-10-04 15:57:07.027027024,6th of October,Penthouse,425,39.65,2501,48465,32631502,822941
2025-10-05 11:40:32.432432432,Haram,Duplex,240,39.92,2885,38872,6782552,169894
2025-10-06 07:23:57.837837840,Heliopolis,Chalet,133,38.71,2456,40035,10743569,277572
2025-10-07 03:07:23.243243240,Nasr City,Villa,395,39.03,2881,41027,41141363,1053999
2025-10-07 22:50:48.648648648,Alexandria,Penthouse,368,38.99,2535,40647,26287781,674294
2025-10-08 18:34:14.054054056,Sheikh Zayed,Duplex,229,42.13,2567,37305,11801590,280140
2025-10-09 14:17:39.459459464,Haram,Apartment,427,42.69,2819,45544,8683320,203382
2025-10-10 10:01:04.864864864,Sheikh Zayed,Apartment,291,37.56,2657,43393,13159336,350311
2025-10-11 05:44:30.270270272,North Coast,Chalet,358,41.34,2700,45475,54966146,1329709
2025-10-12 01:27:55.675675680,Nasr City,Duplex,473,42.46,2585,42861,15737218,370657
2025-10-12 21:11:21.081081080,Heliopolis,Duplex,410,39.53,2763,40822,26849163,679220
2025-10-13 16:54:46.486486488,New Cairo,Villa,96,41.4,2635,46175,10715772,258853
2025-10-14 12:38:11.891891896,Nasr City,Duplex,367,41.71,2633,42928,25114717,602091
2025-10-15 08:21:37.297297296,Ain Sokhna,Penthouse,437,39.69,2972,41628,33634820,847372
2025-10-16 04:05:02.702702704,6th of October,Penthouse,451,41.92,2798,45701,41195013,982753
2025-10-16 23:48:28.108108112,6th of October,Duplex,365,39.8,2676,46746,17541430,440727
2025-10-17 19:31:53.513513512,Nasr City,Villa,167,41.34,2661,41775,14556018,352106
2025-10-18 15:15:18.918918920,North Coast,Duplex,463,41.1,2845,43471,60021829,1460317
2025-10-19 10:58:44.324324328,North Coast,Penthouse,77,40.49,2681,45215,6380685,157598
2025-10-20 06:42:09.729729728,Haram,Penthouse,286,41.29,2774,31581,16321581,395322
2025-10-21 02:25:35.135135136,Nasr City,Duplex,168,39.88,2863,39905,9884012,247862
2025-10-21 22:09:00.540540544,New Cairo,Apartment,396,42.31,2788,43674,22043365,521032
2025-10-22 17:52:25.945945944,Ain Sokhna,Villa,101,40.05,2635,47380,16391432,409311
2025-10-23 13:35:51.351351352,Sheikh Zayed,Penthouse,305,41.24,2998,52121,34673426,840691
2025-10-24 09:19:16.756756760,North Coast,Penthouse,447,43.77,2693,43976,50665535,1157611
2025-10-25 05:02:42.162162160,Heliopolis,Villa,485,37.72,2892,40560,64441240,1708487
2025-10-26 00:46:07.567567568,Ain Sokhna,Apartment,188,38.72,2413,42660,5497881,141978
2025-10-26 20:29:32.972972976,6th of October,Chalet,270,42.27,2889,39014,16820975,397986
2025-10-27 16:12:58.378378376,New Cairo,Penthouse,188,39.17,2638,41101,21761341,555621
2025-10-28 11:56:23.783783784,Sheikh Zayed,Chalet,226,39.3,2645,45096,22087476,562085
2025-10-29 07:39:49.189189192,Maadi,Villa,386,38.53,2655,45148,39143256,1015870
2025-10-30 03:23:14.594594592,North Coast,Chalet,94,37.64,2820,54586,12905542,342834
2025-10-30 23:06:40.000000000,Nasr City,Duplex,468,39.18,2585,41778,17222228,439515
2025-10-31 18:50:05.405405408,Nasr City,Apartment,60,39.35,2711,43669,2353611,59806
2025-11-01 14:33:30.810810808,Maadi,Duplex,455,42.28,2711,51843,23086875,546002
2025-11-02 10:16:56.216216216,Nasr City,Apartment,311,40.53,2688,33425,6030916,148804
2025-11-03 06:00:21.621621624,Sheikh Zayed,Penthouse,373,38.92,2470,46836,40680837,1045253
2025-11-04 01:43:47.027027024,Sheikh Zayed,Chalet,62,40.86,2880,36891,5288987,129455
2025-11-04 21:27:12.432432432,Sheikh Zayed,Duplex,197,38.52,2581,41305,15032000,390208
2025-11-05 17:10:37.837837840,Alexandria,Chalet,264,37.95,2503,36608,12630832,332814
2025-11-06 12:54:03.243243240,North Coast,Chalet,318,37.27,2622,39450,25131343,674308
2025-11-07 08:37:28.648648648,Alexandria,Penthouse,383,42.04,2535,44992,25799551,613693
2025-11-08 04:20:54.054054056,6th of October,Apartment,317,39.97,2683,47881,14524737,363389
2025-11-09 00:04:19.459459464,Maadi,Chalet,498,38.38,2739,44194,29957636,780452
2025-11-09 19:47:44.864864864,North Coast,Penthouse,143,40.24,2561,33387,16412719,407857
2025-11-10 15:31:10.270270272,Maadi,Penthouse,94,42.7,2390,41730,9347943,218924
2025-11-11 11:14:35.675675680,Ain Sokhna,Penthouse,243,42.66,2758,41243,24832911,582125
2025-11-12 06:58:01.081081080,Sheikh Zayed,Apartment,475,39.92,2632,43613,19393323,485769
2025-11-13 02:41:26.486486488,Ain Sokhna,Apartment,104,40.61,2807,43908,3926479,96696
2025-11-13 22:24:51.891891896,Maadi,Duplex,148,39.51,2620,42717,11522570,291608
2025-11-14 18:08:17.297297296,Heliopolis,Apartment,111,41.21,2607,45864,5173487,125533
2025-11-15 13:51:42.702702704,Heliopolis,Penthouse,302,39.18,2759,35766,23089121,589359
2025-11-16 09:35:08.108108112,Sheikh Zayed,Apartment,75,40.12,2858,39121,2675763,66697
2025-11-17 05:18:33.513513512,Heliopolis,Penthouse,207,39.88,2599,43791,13645147,342164
2025-11-18 01:01:58.918918920,Haram,Villa,106,38.97,2485,43583,5785977,148470
2025-11-18 20:45:24.324324328,Haram,Chalet,452,40.88,2664,38035,23880054,584179
2025-11-19 16:28:49.729729728,North Coast,Penthouse,431,37.39,2542,46009,52989684,1417181
2025-11-20 12:12:15.135135136,6th of October,Chalet,218,40.54,2825,39944,17538569,432641
2025-11-21 07:55:40.540540544,Maadi,Duplex,250,41.62,2631,41508,19465951,467677
2025-11-22 03:39:05.945945944,Alexandria,Villa,477,42.77,2816,42775,35009676,818508
2025-11-22 23:22:31.351351352,Nasr City,Penthouse,108,40.96,2662,45293,9790144,239019
2025-11-23 19:05:56.756756760,Maadi,Duplex,85,41.09,2585,41501,3295509,80197
2025-11-24 14:49:22.162162160,New Cairo,Penthouse,318,37.33,2365,43906,21001121,562606
2025-11-25 10:32:47.567567568,Haram,Villa,377,39.16,2876,41909,21575063,550979
2025-11-26 06:16:12.972972976,North Coast,Apartment,176,38.21,2885,45879,10345163,270766
2025-11-27 01:59:38.378378376,North Coast,Duplex,323,37.98,2668,47715,16763224,441427
2025-11-27 21:43:03.783783784,Alexandria,Villa,453,38.09,2750,41033,23342754,612840
2025-11-28 17:26:29.189189192,Ain Sokhna,Apartment,291,39.27,2710,38738,13671059,348114
2025-11-29 13:09:54.594594592,Maadi,Penthouse,284,37.33,2751,36474,25876618,693198
2025-11-30 08:53:20.000000000,North Coast,Penthouse,448,39.39,2748,45659,33012900,838001
2025-12-01 04:36:45.405405408,Haram,Villa,84,40.94,2903,43099,5153061,125863
2025-12-02 00:20:10.810810808,Maadi,Penthouse,126,38.77,2454,46768,6307387,162679
2025-12-02 20:03:36.216216216,Sheikh Zayed,Villa,141,40.96,2767,46594,20448825,499280
2025-12-03 15:47:01.621621624,New Cairo,Penthouse,175,37.95,2798,45761,15628559,411847
2025-12-04 11:30:27.027027024,Maadi,Duplex,360,40.63,2613,46524,16915494,416319
2025-12-05 07:13:52.432432432,New Cairo,Chalet,497,40.0,2725,46674,37760466,943964
2025-12-06 02:57:17.837837840,New Cairo,Villa,174,37.5,2656,42134,10602088,282707
2025-12-06 22:40:43.243243240,Sheikh Zayed,Apartment,442,40.41,2798,42721,17677298,437499
2025-12-07 18:24:08.648648648,New Cairo,Duplex,115,41.25,2424,52593,10102177,244890
2025-12-08 14:07:34.054054056,6th of October,Chalet,168,44.01,2626,47297,14180019,322191
2025-12-09 09:50:59.459459464,Sheikh Zayed,Villa,80,39.61,2514,38408,7778597,196385
2025-12-10 05:34:24.864864864,New Cairo,Penthouse,61,40.05,2863,47799,6659594,166280
2025-12-11 01:17:50.270270272,New Cairo,Chalet,418,38.65,2589,44137,32368565,837563
2025-12-11 21:01:15.675675680,Ain Sokhna,Duplex,414,40.48,2567,43647,37585850,928491
2025-12-12 16:44:41.081081080,Haram,Chalet,396,39.28,3043,41510,25915931,659748
2025-12-13 12:28:06.486486488,Sheikh Zayed,Apartment,202,40.92,2854,40392,7628167,186424
2025-12-14 08:11:31.891891896,Nasr City,Villa,301,40.42,2654,45796,19472308,481779
2025-12-15 03:54:57.297297296,Haram,Penthouse,421,38.18,2663,44737,22195444,581412
2025-12-15 23:38:22.702702704,Alexandria,Apartment,255,42.6,2574,42157,9097712,213579
2025-12-16 19:21:48.108108112,Heliopolis,Penthouse,474,39.8,2623,42279,41815720,1050640
2025-12-17 15:05:13.513513512,6th of October,Villa,263,39.02,2792,41361,33649549,862266
2025-12-18 10:48:38.918918920,6th of October,Duplex,84,39.64,2780,44101,3761872,94903
2025-12-19 06:32:04.324324328,Ain Sokhna,Apartment,189,40.31,2552,42976,5865409,145492
2025-12-20 02:15:29.729729728,Heliopolis,Villa,165,41.18,2853,46675,20211710,490861
2025-12-20 21:58:55.135135136,Alexandria,Villa,345,39.7,2608,43571,19781790,498225
2025-12-21 17:42:20.540540544,Alexandria,Penthouse,257,40.02,2763,48240,25068276,626471
2025-12-22 13:25:45.945945944,New Cairo,Duplex,70,38.25,2974,40066,4537292,118608
2025-12-23 09:09:11.351351352,North Coast,Villa,372,39.0,2840,47971,54900648,1407878
2025-12-24 04:52:36.756756760,North Coast,Chalet,274,40.23,2777,47072,34934520,868350
2025-12-25 00:36:02.162162160,Haram,Penthouse,226,36.07,2605,44749,15081758,418112
2025-12-25 20:19:27.567567568,6th of October,Apartment,426,39.94,2725,41039,19434265,486601
2025-12-26 16:02:52.972972976,Heliopolis,Penthouse,236,38.4,2468,40842,23741514,618226
2025-12-27 11:46:18.378378376,New Cairo,Chalet,338,40.17,2661,43278,36435336,906968
2025-12-28 07:29:43.783783784,New Cairo,Apartment,481,42.85,2805,41399,14924900,348285
2025-12-29 03:13:09.189189192,Haram,Villa,470,41.19,2920,45756,29401334,713773
2025-12-29 22:56:34.594594592,Haram,Duplex,158,39.22,2817,44074,4166119,106218
2025-12-30 18:40:00.000000000,Ain Sokhna,Villa,148,38.63,3016,40234,11089300,287032
2025-12-31 14:23:25.405405408,Nasr City,Villa,468,41.03,2729,44602,34001503,828671
2026-01-01 10:06:50.810810808,6th of October,Chalet,179,49.43,3544,56657,16688279,337645
2026-01-02 05:50:16.216216216,Ain Sokhna,Apartment,431,51.29,3373,43614,27941506,544728
2026-01-03 01:33:41.621621624,Sheikh Zayed,Duplex,392,49.33,3401,45476,48986264,993101
2026-01-03 21:17:07.027027024,Nasr City,Chalet,373,49.31,3298,48024,22276047,451759
2026-01-04 17:00:32.432432432,Haram,Apartment,358,48.8,3359,46777,11211490,229743
2026-01-05 12:43:57.837837840,Ain Sokhna,Villa,225,51.6,3358,55255,51808536,1004077
2026-01-06 08:27:23.243243248,6th of October,Villa,393,50.47,3267,52004,36601967,725261
2026-01-07 04:10:48.648648648,Haram,Chalet,257,51.21,3317,51096,13836223,270161
2026-01-07 23:54:14.054054056,New Cairo,Chalet,227,48.28,3304,48800,21921331,454010
2026-01-08 19:37:39.459459464,Maadi,Penthouse,452,50.91,3103,55336,51058113,1002815
2026-01-09 15:21:04.864864864,New Cairo,Penthouse,174,51.08,3416,55028,33147414,648877
2026-01-10 11:04:30.270270272,Nasr City,Penthouse,400,50.78,3387,38318,36448594,717817
2026-01-11 06:47:55.675675680,Nasr City,Villa,84,52.39,3402,46244,13710673,261708
2026-01-12 02:31:21.081081080,New Cairo,Chalet,320,49.93,3443,54831,29107038,583013
2026-01-12 22:14:46.486486488,Alexandria,Chalet,350,48.81,3405,45539,36836681,754638
2026-01-13 17:58:11.891891896,Maadi,Chalet,439,51.05,3400,52659,47792605,936150
2026-01-14 13:41:37.297297296,North Coast,Apartment,259,53.09,3438,48658,24991663,470760
2026-01-15 09:25:02.702702704,Haram,Apartment,489,51.16,3417,51723,17919102,350283
2026-01-16 05:08:28.108108112,Alexandria,Villa,443,50.66,3416,52159,81544136,1609780
2026-01-17 00:51:53.513513512,Heliopolis,Apartment,389,50.89,3439,55092,20898034,410649
2026-01-17 20:35:18.918918920,Ain Sokhna,Chalet,88,49.39,3439,56442,14905005,301759
2026-01-18 16:18:44.324324328,Ain Sokhna,Apartment,245,50.04,3051,54130,15802234,315793
2026-01-19 12:02:09.729729728,Heliopolis,Penthouse,210,49.34,3375,59552,19661298,398526
2026-01-20 07:45:35.135135136,Maadi,Apartment,78,51.98,3509,48397,6333266,121847
2026-01-21 03:29:00.540540544,Sheikh Zayed,Duplex,468,49.6,3340,50541,50815564,1024474
2026-01-21 23:12:25.945945944,New Cairo,Chalet,75,50.4,3092,53956,13101220,259963
2026-01-22 18:55:51.351351352,Heliopolis,Villa,486,47.91,3293,49949,87873368,1834255
2026-01-23 14:39:16.756756760,Alexandria,Villa,196,47.61,3614,49322,28215558,592687
2026-01-24 10:22:42.162162160,New Cairo,Penthouse,257,50.24,3518,56298,32652801,649979
2026-01-25 06:06:07.567567568,Ain Sokhna,Villa,90,49.77,3494,49881,12931330,259839
2026-01-26 01:49:32.972972976,New Cairo,Duplex,315,52.36,3483,50576,31745299,606287
2026-01-26 21:32:58.378378376,Sheikh Zayed,Penthouse,341,49.94,2942,49304,41231239,825629
2026-01-27 17:16:23.783783784,Nasr City,Villa,145,50.88,3492,43354,11096915,218092
2026-01-28 12:59:49.189189192,Heliopolis,Penthouse,88,50.14,3279,51302,9061591,180727
2026-01-29 08:43:14.594594592,Nasr City,Duplex,447,49.01,3450,51445,26547505,541627
2026-01-30 04:26:40.000000000,North Coast,Villa,182,51.78,3318,52363,32172819,621377
2026-01-31 00:10:05.405405408,Ain Sokhna,Villa,457,53.51,3364,51441,120767832,2257046
2026-01-31 19:53:30.810810808,6th of October,Penthouse,482,50.93,3298,52662,39012915,766083
2026-02-01 15:36:56.216216216,Heliopolis,Duplex,431,48.43,3275,45539,46041949,950686
2026-02-02 11:20:21.621621624,North Coast,Apartment,180,48.93,3319,51603,19293794,394280
2026-02-03 07:03:47.027027024,Sheikh Zayed,Chalet,455,49.32,3325,54474,40573083,822644
2026-02-04 02:47:12.432432432,Ain Sokhna,Duplex,201,47.47,3297,54871,29280944,616765
2026-02-04 22:30:37.837837840,Sheikh Zayed,Penthouse,435,51.81,3491,51686,77677557,1499301
2026-02-05 18:14:03.243243248,North Coast,Apartment,333,50.59,3336,52999,25783030,509682
2026-02-06 13:57:28.648648648,North Coast,Duplex,258,51.12,3373,48226,30539151,597350
2026-02-07 09:40:54.054054056,Sheikh Zayed,Villa,279,50.38,3399,48370,36755641,729546
2026-02-08 05:24:19.459459464,Heliopolis,Duplex,159,51.01,3490,49432,14565543,285563
2026-02-09 01:07:44.864864864,Haram,Apartment,352,48.47,3496,54712,14550785,300181
2026-02-09 20:51:10.270270272,Ain Sokhna,Duplex,112,49.22,3598,54308,18885784,383680
2026-02-10 16:34:35.675675680,Haram,Villa,463,50.24,3335,46977,52550914,1046060
2026-02-11 12:18:01.081081080,6th of October,Penthouse,425,51.09,3267,40345,61739821,1208524
2026-02-12 08:01:26.486486488,Haram,Apartment,431,50.01,3418,47524,13384124,267609
2026-02-13 03:44:51.891891896,Ain Sokhna,Chalet,163,49.61,3264,50710,21148791,426334
2026-02-13 23:28:17.297297296,6th of October,Penthouse,164,51.54,3537,50655,30049461,583040
2026-02-14 19:11:42.702702704,Maadi,Chalet,310,51.47,3189,53349,43106776,837447
2026-02-15 14:55:08.108108112,New Cairo,Villa,285,49.69,3609,57387,55119780,1109238
2026-02-16 10:38:33.513513512,North Coast,Penthouse,462,48.91,3402,46975,61011271,1247538
2026-02-17 06:21:58.918918920,Heliopolis,Apartment,441,46.85,3272,51291,20871603,445522
2026-02-18 02:05:24.324324328,North Coast,Chalet,301,49.81,3446,48377,59747499,1199388
2026-02-18 21:48:49.729729728,Sheikh Zayed,Chalet,235,49.65,3290,39682,26216319,528060
2026-02-19 17:32:15.135135136,Maadi,Penthouse,278,51.63,3447,50833,50588120,979807
2026-02-20 13:15:40.540540544,Alexandria,Apartment,172,51.5,3484,57543,8838377,171612
2026-02-21 08:59:05.945945944,Haram,Chalet,180,49.04,3368,44618,8889905,181295
2026-02-22 04:42:31.351351352,New Cairo,Apartment,254,46.94,3517,52533,19993989,425935
2026-02-23 00:25:56.756756760,New Cairo,Apartment,70,47.81,3293,47568,2887266,60385
2026-02-23 20:09:22.162162160,North Coast,Apartment,115,49.75,3452,51915,6438604,129416
2026-02-24 15:52:47.567567568,North Coast,Chalet,392,51.69,3614,52962,62087393,1201232
2026-02-25 11:36:12.972972976,Maadi,Penthouse,390,50.69,3239,54655,32374238,638647
2026-02-26 07:19:38.378378376,Ain Sokhna,Duplex,66,50.11,3323,42581,9067041,180925
2026-02-27 03:03:03.783783784,Ain Sokhna,Duplex,404,53.06,3160,50158,46950642,884804
2026-02-27 22:46:29.189189192,Sheikh Zayed,Duplex,470,50.09,3745,46142,59627798,1190365
2026-02-28 18:29:54.594594592,Alexandria,Penthouse,144,50.68,3490,51439,16824057,331937
2026-03-01 14:13:20.000000000,Maadi,Penthouse,200,49.3,3404,49971,32515441,659594
2026-03-02 09:56:45.405405408,6th of October,Penthouse,226,47.58,3474,44230,16726159,351538
2026-03-03 05:40:10.810810808,New Cairo,Duplex,150,48.55,3453,58833,22462826,462651
2026-03-04 01:23:36.216216216,North Coast,Duplex,421,47.27,3659,42531,67766233,1433533
2026-03-04 21:07:01.621621624,Sheikh Zayed,Duplex,75,48.18,3231,53837,8788910,182436
2026-03-05 16:50:27.027027024,Ain Sokhna,Apartment,138,50.03,3349,45635,8839994,176696
2026-03-06 12:33:52.432432432,Alexandria,Villa,283,50.83,3350,49427,41409295,814676
2026-03-07 08:17:17.837837840,Maadi,Apartment,377,48.69,3292,56873,19532249,401129
2026-03-08 04:00:43.243243248,Haram,Duplex,145,48.65,3527,47765,5722329,117611
2026-03-08 23:44:08.648648648,Nasr City,Penthouse,338,49.97,3139,51885,43757145,875602
2026-03-09 19:27:34.054054056,North Coast,Chalet,335,50.13,3336,52967,68426768,1364996
2026-03-10 15:10:59.459459464,New Cairo,Chalet,113,50.06,3318,51503,9899712,197750
2026-03-11 10:54:24.864864864,New Cairo,Apartment,248,49.25,3384,45894,22174697,450243
2026-03-12 06:37:50.270270272,New Cairo,Chalet,453,48.75,3684,50503,83690806,1716569
2026-03-13 02:21:15.675675680,New Cairo,Duplex,250,51.54,3475,51993,42013763,815118
2026-03-13 22:04:41.081081080,Sheikh Zayed,Duplex,416,50.12,3509,59861,39937408,796880
2026-03-14 17:48:06.486486488,6th of October,Chalet,141,48.26,3140,50769,18447866,382281
2026-03-15 13:31:31.891891896,Ain Sokhna,Apartment,428,47.37,3162,54267,17943901,378804
2026-03-16 09:14:57.297297296,Ain Sokhna,Apartment,108,49.61,3389,53756,5852990,117971
2026-03-17 04:58:22.702702704,New Cairo,Villa,339,48.97,3488,53667,44354127,905656
2026-03-18 00:41:48.108108112,Ain Sokhna,Chalet,288,50.59,3468,44671,34233047,676690
2026-03-18 20:25:13.513513512,Sheikh Zayed,Apartment,134,50.08,3511,56546,5318241,106204
2026-03-19 16:08:38.918918920,Sheikh Zayed,Penthouse,75,50.95,3440,54704,10168838,199594
2026-03-20 11:52:04.324324328,Maadi,Penthouse,288,51.36,3536,51493,61067204,1189106
2026-03-21 07:35:29.729729728,Haram,Apartment,162,50.0,3566,51540,8476080,169526
2026-03-22 03:18:55.135135136,Haram,Apartment,372,49.59,3269,50956,12887803,259909
2026-03-22 23:02:20.540540544,New Cairo,Chalet,321,49.72,3230,52092,59474435,1196096
2026-03-23 18:45:45.945945944,New Cairo,Duplex,254,46.89,3519,54894,38915806,829972
2026-03-24 14:29:11.351351352,New Cairo,Penthouse,479,48.51,3316,46404,48379020,997260
2026-03-25 10:12:36.756756760,Maadi,Duplex,208,50.38,3090,55363,12523004,248550
2026-03-26 05:56:02.162162160,Ain Sokhna,Duplex,220,50.33,3333,50197,17992951,357513
2026-03-27 01:39:27.567567568,North Coast,Chalet,334,50.55,3438,48512,76614894,1515588
2026-03-27 21:22:52.972972976,New Cairo,Chalet,200,49.66,3615,47438,39419619,793822
2026-03-28 17:06:18.378378376,New Cairo,Chalet,107,47.72,3445,51810,11122227,233090
2026-03-29 12:49:43.783783784,New Cairo,Penthouse,116,46.12,3709,54013,15495700,336012
2026-03-30 08:33:09.189189192,Ain Sokhna,Chalet,245,49.14,3310,51567,30303591,616641
2026-03-31 04:16:34.594594592,Maadi,Villa,81,51.45,3660,45625,19172902,372686
2026-04-01 00:00:00.000000000,Maadi,Chalet,165,49.48,3344,50266,16713988,337798
